"","X","Box","Position","Strain","PMnumber","Tube","DateFrozen","X.1","X.2","X.3","X.4","X.5","X.6","X.7","X.8","X.9","X.10","X.11","X.12","X.13"
"1",NA,1,1,"wPM262","262","II","Pre2017June",NA,NA,NA,"Box",1,NA,NA,NA,NA,NA,"",NA,NA
"2",NA,1,2,"wPM366","366","II","Pre2017June",NA,NA,NA,"262",366,440,412,413,420,229,"423",432,NA
"3",NA,1,3,"wPM440","440","II","Pre2017June",NA,NA,NA,"439",451,452,452,462,463,229,"466",467,NA
"4",NA,1,4,"wPM412","412","II","Pre2017June",NA,NA,NA,"467",480,480,483,484,486,493,"493",499,NA
"5",NA,1,5,"wPM413","413","II","Pre2017June",NA,NA,NA,"502",520,432,440,345,439,451,"452",452,NA
"6",NA,1,6,"wPM420","420","II","Pre2017June",NA,NA,NA,"459",462,462,466,467,467,480,"483",484,NA
"7",NA,1,7,"wPM229","229","II","2017-06-13",NA,NA,NA,"486",493,494,480,499,502,508,"520",313,NA
"8",NA,1,8,"wPM423","423","II","Pre2017June",NA,NA,NA,"314",314,479,482,497,345,530,"157",392,NA
"9",NA,1,9,"wPM432","432","II","Pre2017June",NA,NA,NA,"253",4,8,293,312,313,314,"314",405,NA
"10",NA,1,10,"wPM439","439","II","Pre2017June",NA,NA,NA,"453",479,482,495,345,530,128,"157",264,NA
"11",NA,1,11,"wPM451","451","II","Pre2017June",NA,NA,NA,"",NA,NA,NA,NA,NA,NA,"",NA,NA
"12",NA,1,12,"wPM452","452","II","Pre2017June",NA,NA,NA,"",NA,NA,NA,NA,NA,NA,"",NA,NA
"13",NA,1,13,"wPM452","452","II","Pre2017June",NA,NA,NA,"",NA,NA,NA,NA,NA,NA,"",NA,NA
"14",NA,1,14,"wPM462","462","II","Pre2017June",NA,NA,NA,"",NA,NA,NA,NA,NA,NA,"",NA,NA
"15",NA,1,15,"wPM463","463","II","Pre2017June",NA,NA,NA,"",NA,NA,NA,NA,NA,NA,"",NA,NA
"16",NA,1,16,"wPM229","229","III","2017-06-13",NA,NA,NA,"",NA,NA,NA,NA,NA,NA,"",NA,NA
"17",NA,1,17,"wPM466","466","II","Pre2017June",NA,NA,NA,"",NA,NA,NA,NA,NA,NA,"",NA,NA
"18",NA,1,18,"wPM467","467","II","Pre2017June",NA,NA,NA,"",NA,NA,NA,NA,NA,NA,"",NA,NA
"19",NA,1,19,"wPM467","467","II","Pre2017June",NA,NA,NA,"",NA,NA,NA,NA,NA,NA,"",NA,NA
"20",NA,1,20,"wPM480","480","II","Pre2017June",NA,NA,NA,"",NA,NA,NA,NA,NA,NA,"",NA,NA
"21",NA,1,21,"wPM480","480","II","Pre2017June",NA,NA,NA,"",NA,NA,NA,NA,NA,NA,"",NA,NA
"22",NA,1,22,"wPM483","483","II","Pre2017June",NA,NA,NA,"",NA,NA,NA,NA,NA,NA,"",NA,NA
"23",NA,1,23,"wPM484","484","II","Pre2017June",NA,NA,NA,"",NA,NA,NA,NA,NA,NA,"",NA,NA
"24",NA,1,24,"wPM486","486","II","Pre2017June",NA,NA,NA,"",NA,NA,NA,NA,NA,NA,"",NA,NA
"25",NA,1,25,"wPM493","493","II","Pre2017June",NA,NA,NA,"",NA,NA,NA,NA,NA,NA,"",NA,NA
"26",NA,1,26,"wPM493","493","II","Pre2017June",NA,NA,NA,"",NA,NA,NA,NA,NA,NA,"",NA,NA
"27",NA,1,27,"wPM499","499","II","Pre2017June",NA,NA,NA,"",NA,NA,NA,NA,NA,NA,"",NA,NA
"28",NA,1,28,"wPM502","502","II","Pre2017June",NA,NA,NA,"",NA,NA,NA,NA,NA,NA,"",NA,NA
"29",NA,1,29,"wPM520","520","II","Pre2017June",NA,NA,NA,"",NA,NA,NA,NA,NA,NA,"",NA,NA
"30",NA,1,30,"wPM432","432","III","Pre2017June",NA,NA,NA,"",NA,NA,NA,NA,NA,NA,"",NA,NA
"31",NA,1,31,"wPM440","440","III","Pre2017June",NA,NA,NA,"",NA,NA,NA,NA,NA,NA,"",NA,NA
"32",NA,1,32,"wPM345","345","II","2017-07-04",NA,NA,NA,"",NA,NA,NA,NA,NA,NA,"",NA,NA
"33",NA,1,33,"wPM439","439","III","Pre2017June",NA,NA,NA,"",NA,NA,NA,NA,NA,NA,"",NA,NA
"34",NA,1,34,"wPM451","451","III","Pre2017June",NA,NA,NA,"",NA,NA,NA,NA,NA,NA,"",NA,NA
"35",NA,1,35,"wPM452","452","III","Pre2017June",NA,NA,NA,"",NA,NA,NA,NA,NA,NA,"",NA,NA
"36",NA,1,36,"wPM452","452","III","Pre2017June",NA,NA,NA,"",NA,NA,NA,NA,NA,NA,"",NA,NA
"37",NA,1,37,"wPM459","459","III","Pre2017June",NA,NA,NA,"",NA,NA,NA,NA,NA,NA,"",NA,NA
"38",NA,1,38,"wPM462","462","III","Pre2017June",NA,NA,NA,"",NA,NA,NA,NA,NA,NA,"",NA,NA
"39",NA,1,39,"wPM462","462","III","Pre2017June",NA,NA,NA,"",NA,NA,NA,NA,NA,NA,"",NA,NA
"40",NA,1,40,"wPM466","466","III","Pre2017June",NA,NA,NA,"",NA,NA,NA,NA,NA,NA,"",NA,NA
"41",NA,1,41,"wPM467","467","III","Pre2017June",NA,NA,NA,"",NA,NA,NA,NA,NA,NA,"",NA,NA
"42",NA,1,42,"wPM467","467","III","Pre2017June",NA,NA,NA,"",NA,NA,NA,NA,NA,NA,"",NA,NA
"43",NA,1,43,"wPM480","480","III","Pre2017June",NA,NA,NA,"",NA,NA,NA,NA,NA,NA,"",NA,NA
"44",NA,1,44,"wPM483","483","III","Pre2017June",NA,NA,NA,"",NA,NA,NA,NA,NA,NA,"",NA,NA
"45",NA,1,45,"wPM484","484","III","Pre2017June",NA,NA,NA,"",NA,NA,NA,NA,NA,NA,"",NA,NA
"46",NA,1,46,"wPM486","486","III","Pre2017June",NA,NA,NA,"",NA,NA,NA,NA,NA,NA,"",NA,NA
"47",NA,1,47,"wPM493","493","III","Pre2017June",NA,NA,NA,"",NA,NA,NA,NA,NA,NA,"",NA,NA
"48",NA,1,48,"wPM494","494","III","Pre2017June",NA,NA,NA,"",NA,NA,NA,NA,NA,NA,"",NA,NA
"49",NA,1,49,"wPM480","480","III","Pre2017June",NA,NA,NA,"",NA,NA,NA,NA,NA,NA,"",NA,NA
"50",NA,1,50,"wPM499","499","III","Pre2017June",NA,NA,NA,"",NA,NA,NA,NA,NA,NA,"",NA,NA
"51",NA,1,51,"wPM502","502","III","Pre2017June",NA,NA,NA,"",NA,NA,NA,NA,NA,NA,"",NA,NA
"52",NA,1,52,"wPM508","508","III","Pre2017June",NA,NA,NA,"",NA,NA,NA,NA,NA,NA,"",NA,NA
"53",NA,1,53,"wPM520","520","III","Pre2017June",NA,NA,NA,"",NA,NA,NA,NA,NA,NA,"",NA,NA
"54",NA,1,54,"wPM313","313","III","Pre2017June",NA,NA,NA,"",NA,NA,NA,NA,NA,NA,"",NA,NA
"55",NA,1,55,"wPM314","314","III","Pre2017June",NA,NA,NA,"",NA,NA,NA,NA,NA,NA,"",NA,NA
"56",NA,1,56,"wPM314","314","IV","Pre2017June",NA,NA,NA,"",NA,NA,NA,NA,NA,NA,"",NA,NA
"57",NA,1,57,"wPM479","479","III","Pre2017June",NA,NA,NA,"",NA,NA,NA,NA,NA,NA,"",NA,NA
"58",NA,1,58,"wPM482","482","III","Pre2017June",NA,NA,NA,"",NA,NA,NA,NA,NA,NA,"",NA,NA
"59",NA,1,59,"wPM497","497","III","Pre2017June",NA,NA,NA,"",NA,NA,NA,NA,NA,NA,"",NA,NA
"60",NA,1,60,"wPM345","345","III","2017-07-04",NA,NA,NA,"",NA,NA,NA,NA,NA,NA,"",NA,NA
"61",NA,1,61,"wPM530","530","III","Pre2017June",NA,NA,NA,"",NA,NA,NA,NA,NA,NA,"",NA,NA
"62",NA,1,62,"wPM157","157","III","Pre2017June",NA,NA,NA,"",NA,NA,NA,NA,NA,NA,"",NA,NA
"63",NA,1,63,"wPM392","392","III","Pre2017June",NA,NA,NA,"",NA,NA,NA,NA,NA,NA,"",NA,NA
"64",NA,1,64,"wPM253","253","III","Pre2017June",NA,NA,NA,"",NA,NA,NA,NA,NA,NA,"",NA,NA
"65",NA,1,65,"wPM004","4","II","Pre2017June",NA,NA,NA,"",NA,NA,NA,NA,NA,NA,"",NA,NA
"66",NA,1,66,"wPM008","8","II","Pre2017June",NA,NA,NA,"",NA,NA,NA,NA,NA,NA,"",NA,NA
"67",NA,1,67,"wPM293","293","II","Pre2017June",NA,NA,NA,"",NA,NA,NA,NA,NA,NA,"",NA,NA
"68",NA,1,68,"wPM312","312","II","Pre2017June",NA,NA,NA,"",NA,NA,NA,NA,NA,NA,"",NA,NA
"69",NA,1,69,"wPM313","313","II","Pre2017June",NA,NA,NA,"",NA,NA,NA,NA,NA,NA,"",NA,NA
"70",NA,1,70,"wPM314","314","II","Pre2017June",NA,NA,NA,"",NA,NA,NA,NA,NA,NA,"",NA,NA
"71",NA,1,71,"wPM314","314","II","Pre2017June",NA,NA,NA,"",NA,NA,NA,NA,NA,NA,"",NA,NA
"72",NA,1,72,"wPM405","405","II","Pre2017June",NA,NA,NA,"",NA,NA,NA,NA,NA,NA,"",NA,NA
"73",NA,1,73,"wPM453","453","II","Pre2017June",NA,NA,NA,"",NA,NA,NA,NA,NA,NA,"",NA,NA
"74",NA,1,74,"wPM479","479","II","Pre2017June",NA,NA,NA,"",NA,NA,NA,NA,NA,NA,"",NA,NA
"75",NA,1,75,"wPM482","482","II","Pre2017June",NA,NA,NA,"",NA,NA,NA,NA,NA,NA,"",NA,NA
"76",NA,1,76,"wPM495","495","II","Pre2017June",NA,NA,NA,"",NA,NA,NA,NA,NA,NA,"",NA,NA
"77",NA,1,77,"wPM345","345","IV","2017-07-04",NA,NA,NA,"",NA,NA,NA,NA,NA,NA,"",NA,NA
"78",NA,1,78,"wPM530","530","II","Pre2017June",NA,NA,NA,"",NA,NA,NA,NA,NA,NA,"",NA,NA
"79",NA,1,79,"wPM128","128","II","Pre2017June",NA,NA,NA,"",NA,NA,NA,NA,NA,NA,"",NA,NA
"80",NA,1,80,"wPM157","157","II","Pre2017June",NA,NA,NA,"",NA,NA,NA,NA,NA,NA,"",NA,NA
"81",NA,1,81,"wPM264","264","II","Pre2017June",NA,NA,NA,"",NA,NA,NA,NA,NA,NA,"",NA,NA
"82",NA,2,1,"wPM392","392","II","Pre2017June",NA,NA,NA,"Box",2,NA,NA,NA,NA,NA,"",NA,NA
"83",NA,2,2,"wPM004","4","II","Pre2017June",NA,NA,NA,"392",4,4,10,10,48,49,"52",55,NA
"84",NA,2,3,"wPM004","4","II","Pre2017June",NA,NA,NA,"55",82,65,40,75,80,23,"23",118,NA
"85",NA,2,4,"wPM010","10","II","Pre2017June",NA,NA,NA,"112",124,157,97,162,224,116,"128",150,NA
"86",NA,2,5,"wPM010","10","II","Pre2017June",NA,NA,NA,"152",153,153,156,142,142,160,"160",163,NA
"87",NA,2,6,"wPM048","48","II","Pre2017June",NA,NA,NA,"164",164,149,180,181,181,181,"183",183,NA
"88",NA,2,7,"wPM049","49","II","Pre2017June",NA,NA,NA,"207",183,243,238,222,227,185,"197",198,NA
"89",NA,2,8,"wPM052","52","II","Pre2017June",NA,NA,NA,"208",197,221,189,190,194,195,"197",200,NA
"90",NA,2,9,"wPM055","55","II","Pre2017June",NA,NA,NA,"201",217,217,209,222,218,217,"237",243,NA
"91",NA,2,10,"wPM055","55","II","Pre2017June",NA,NA,NA,"211",246,279,278,285,244,244,"245",287,NA
"92",NA,2,11,"wPM082","82","II","Pre2017June",NA,NA,NA,"",NA,NA,NA,NA,NA,NA,"",NA,NA
"93",NA,2,12,"wPM065","65","II","Pre2017June",NA,NA,NA,"",NA,NA,NA,NA,NA,NA,"",NA,NA
"94",NA,2,13,"wPM040","40","II","Pre2017June",NA,NA,NA,"",NA,NA,NA,NA,NA,NA,"",NA,NA
"95",NA,2,14,"wPM075","75","II","Pre2017June",NA,NA,NA,"",NA,NA,NA,NA,NA,NA,"",NA,NA
"96",NA,2,15,"wPM080","80","II","Pre2017June",NA,NA,NA,"",NA,NA,NA,NA,NA,NA,"",NA,NA
"97",NA,2,16,"wPM023","23","II","Pre2017June",NA,NA,NA,"",NA,NA,NA,NA,NA,NA,"",NA,NA
"98",NA,2,17,"wPM023","23","II","Pre2017June",NA,NA,NA,"",NA,NA,NA,NA,NA,NA,"",NA,NA
"99",NA,2,18,"wPM118","118","II","Pre2017June",NA,NA,NA,"",NA,NA,NA,NA,NA,NA,"",NA,NA
"100",NA,2,19,"wPM112","112","II","Pre2017June",NA,NA,NA,"",NA,NA,NA,NA,NA,NA,"",NA,NA
"101",NA,2,20,"wPM124","124","II","Pre2017June",NA,NA,NA,"",NA,NA,NA,NA,NA,NA,"",NA,NA
"102",NA,2,21,"wPM157","157","II","Pre2017June",NA,NA,NA,"",NA,NA,NA,NA,NA,NA,"",NA,NA
"103",NA,2,22,"wPM097","97","II","Pre2017June",NA,NA,NA,"",NA,NA,NA,NA,NA,NA,"",NA,NA
"104",NA,2,23,"wPM162","162","II","Pre2017June",NA,NA,NA,"",NA,NA,NA,NA,NA,NA,"",NA,NA
"105",NA,2,24,"wPM224","224","II","Pre2017June",NA,NA,NA,"",NA,NA,NA,NA,NA,NA,"",NA,NA
"106",NA,2,25,"wPM116","116","II","Pre2017June",NA,NA,NA,"",NA,NA,NA,NA,NA,NA,"",NA,NA
"107",NA,2,26,"wPM128","128","II","Pre2017June",NA,NA,NA,"",NA,NA,NA,NA,NA,NA,"",NA,NA
"108",NA,2,27,"wPM150","150","II","Pre2017June",NA,NA,NA,"",NA,NA,NA,NA,NA,NA,"",NA,NA
"109",NA,2,28,"wPM152","152","II","Pre2017June",NA,NA,NA,"",NA,NA,NA,NA,NA,NA,"",NA,NA
"110",NA,2,29,"wPM153","153","II","Pre2017June",NA,NA,NA,"",NA,NA,NA,NA,NA,NA,"",NA,NA
"111",NA,2,30,"wPM153","153","II","Pre2017June",NA,NA,NA,"",NA,NA,NA,NA,NA,NA,"",NA,NA
"112",NA,2,31,"wPM156","156","II","Pre2017June",NA,NA,NA,"",NA,NA,NA,NA,NA,NA,"",NA,NA
"113",NA,2,32,"wPM142","142","II","Pre2017June",NA,NA,NA,"",NA,NA,NA,NA,NA,NA,"",NA,NA
"114",NA,2,33,"wPM142","142","II","Pre2017June",NA,NA,NA,"",NA,NA,NA,NA,NA,NA,"",NA,NA
"115",NA,2,34,"wPM160","160","II","Pre2017June",NA,NA,NA,"",NA,NA,NA,NA,NA,NA,"",NA,NA
"116",NA,2,35,"wPM160","160","II","Pre2017June",NA,NA,NA,"",NA,NA,NA,NA,NA,NA,"",NA,NA
"117",NA,2,36,"wPM163","163","II","Pre2017June",NA,NA,NA,"",NA,NA,NA,NA,NA,NA,"",NA,NA
"118",NA,2,37,"wPM164","164","II","Pre2017June",NA,NA,NA,"",NA,NA,NA,NA,NA,NA,"",NA,NA
"119",NA,2,38,"wPM164","164","II","Pre2017June",NA,NA,NA,"",NA,NA,NA,NA,NA,NA,"",NA,NA
"120",NA,2,39,"wPM149","149","II","Pre2017June",NA,NA,NA,"",NA,NA,NA,NA,NA,NA,"",NA,NA
"121",NA,2,40,"wPM180","180","II","Pre2017June",NA,NA,NA,"",NA,NA,NA,NA,NA,NA,"",NA,NA
"122",NA,2,41,"wPM181","181","II","Pre2017June",NA,NA,NA,"",NA,NA,NA,NA,NA,NA,"",NA,NA
"123",NA,2,42,"wPM181","181","II","Pre2017June",NA,NA,NA,"",NA,NA,NA,NA,NA,NA,"",NA,NA
"124",NA,2,43,"wPM181","181","II","Pre2017June",NA,NA,NA,"",NA,NA,NA,NA,NA,NA,"",NA,NA
"125",NA,2,44,"wPM183","183","II","Pre2017June",NA,NA,NA,"",NA,NA,NA,NA,NA,NA,"",NA,NA
"126",NA,2,45,"wPM183","183","II","Pre2017June",NA,NA,NA,"",NA,NA,NA,NA,NA,NA,"",NA,NA
"127",NA,2,46,"wPM207","207","II","Pre2017June",NA,NA,NA,"",NA,NA,NA,NA,NA,NA,"",NA,NA
"128",NA,2,47,"wPM183","183","II","Pre2017June",NA,NA,NA,"",NA,NA,NA,NA,NA,NA,"",NA,NA
"129",NA,2,48,"wPM243","243","II","Pre2017June",NA,NA,NA,"",NA,NA,NA,NA,NA,NA,"",NA,NA
"130",NA,2,49,"wPM238","238","II","Pre2017June",NA,NA,NA,"",NA,NA,NA,NA,NA,NA,"",NA,NA
"131",NA,2,50,"wPM222","222","II","Pre2017June",NA,NA,NA,"",NA,NA,NA,NA,NA,NA,"",NA,NA
"132",NA,2,51,"wPM227","227","II","Pre2017June",NA,NA,NA,"",NA,NA,NA,NA,NA,NA,"",NA,NA
"133",NA,2,52,"wPM185","185","II","Pre2017June",NA,NA,NA,"",NA,NA,NA,NA,NA,NA,"",NA,NA
"134",NA,2,53,"wPM197","197","II","Pre2017June",NA,NA,NA,"",NA,NA,NA,NA,NA,NA,"",NA,NA
"135",NA,2,54,"wPM198","198","II","Pre2017June",NA,NA,NA,"",NA,NA,NA,NA,NA,NA,"",NA,NA
"136",NA,2,55,"wPM208","208","II","Pre2017June",NA,NA,NA,"",NA,NA,NA,NA,NA,NA,"",NA,NA
"137",NA,2,56,"wPM197","197","II","Pre2017June",NA,NA,NA,"",NA,NA,NA,NA,NA,NA,"",NA,NA
"138",NA,2,57,"wPM221","221","II","Pre2017June",NA,NA,NA,"",NA,NA,NA,NA,NA,NA,"",NA,NA
"139",NA,2,58,"wPM189","189","II","Pre2017June",NA,NA,NA,"",NA,NA,NA,NA,NA,NA,"",NA,NA
"140",NA,2,59,"wPM190","190","II","Pre2017June",NA,NA,NA,"",NA,NA,NA,NA,NA,NA,"",NA,NA
"141",NA,2,60,"wPM194","194","II","Pre2017June",NA,NA,NA,"",NA,NA,NA,NA,NA,NA,"",NA,NA
"142",NA,2,61,"wPM195","195","II","Pre2017June",NA,NA,NA,"",NA,NA,NA,NA,NA,NA,"",NA,NA
"143",NA,2,62,"wPM197","197","II","Pre2017June",NA,NA,NA,"",NA,NA,NA,NA,NA,NA,"",NA,NA
"144",NA,2,63,"wPM200","200","II","Pre2017June",NA,NA,NA,"",NA,NA,NA,NA,NA,NA,"",NA,NA
"145",NA,2,64,"wPM201","201","II","Pre2017June",NA,NA,NA,"",NA,NA,NA,NA,NA,NA,"",NA,NA
"146",NA,2,65,"wPM217","217","II","Pre2017June",NA,NA,NA,"",NA,NA,NA,NA,NA,NA,"",NA,NA
"147",NA,2,66,"wPM217","217","II","Pre2017June",NA,NA,NA,"",NA,NA,NA,NA,NA,NA,"",NA,NA
"148",NA,2,67,"wPM209","209","II","Pre2017June",NA,NA,NA,"",NA,NA,NA,NA,NA,NA,"",NA,NA
"149",NA,2,68,"wPM222","222","II","Pre2017June",NA,NA,NA,"",NA,NA,NA,NA,NA,NA,"",NA,NA
"150",NA,2,69,"wPM218","218","II","Pre2017June",NA,NA,NA,"",NA,NA,NA,NA,NA,NA,"",NA,NA
"151",NA,2,70,"wPM217","217","II","Pre2017June",NA,NA,NA,"",NA,NA,NA,NA,NA,NA,"",NA,NA
"152",NA,2,71,"wPM237","237","II","Pre2017June",NA,NA,NA,"",NA,NA,NA,NA,NA,NA,"",NA,NA
"153",NA,2,72,"wPM243","243","II","Pre2017June",NA,NA,NA,"",NA,NA,NA,NA,NA,NA,"",NA,NA
"154",NA,2,73,"wPM211","211","II","Pre2017June",NA,NA,NA,"",NA,NA,NA,NA,NA,NA,"",NA,NA
"155",NA,2,74,"wPM246","246","II","Pre2017June",NA,NA,NA,"",NA,NA,NA,NA,NA,NA,"",NA,NA
"156",NA,2,75,"wPM279","279","II","Pre2017June",NA,NA,NA,"",NA,NA,NA,NA,NA,NA,"",NA,NA
"157",NA,2,76,"wPM278","278","II","Pre2017June",NA,NA,NA,"",NA,NA,NA,NA,NA,NA,"",NA,NA
"158",NA,2,77,"wPM285","285","II","Pre2017June",NA,NA,NA,"",NA,NA,NA,NA,NA,NA,"",NA,NA
"159",NA,2,78,"wPM244","244","III","Pre2017June",NA,NA,NA,"",NA,NA,NA,NA,NA,NA,"",NA,NA
"160",NA,2,79,"wPM244","244","II","Pre2017June",NA,NA,NA,"",NA,NA,NA,NA,NA,NA,"",NA,NA
"161",NA,2,80,"wPM245","245","II","Pre2017June",NA,NA,NA,"",NA,NA,NA,NA,NA,NA,"",NA,NA
"162",NA,2,81,"wPM287","287","II","Pre2017June",NA,NA,NA,"",NA,NA,NA,NA,NA,NA,"",NA,NA
"163",NA,3,1,"wPM258","258","II","Pre2017June",NA,NA,NA,"Box",3,NA,NA,NA,NA,NA,"",NA,NA
"164",NA,3,2,"wPM249","249","II","Pre2017June",NA,NA,NA,"258",249,374,296,283,289,279,"267",298,NA
"165",NA,3,3,"wPM374","374","II","2017-05-10",NA,NA,NA,"291",255,250,257,291,291,253,"278",253,NA
"166",NA,3,4,"wPM296","296","II","Pre2017June",NA,NA,NA,"283",300,309,310,311,311,313,"316",317,NA
"167",NA,3,5,"wPM283","283","II","Pre2017June",NA,NA,NA,"318",318,319,323,253,292,319,"n2 males",324,NA
"168",NA,3,6,"wPM289","289","II","Pre2017June",NA,NA,NA,"374",362,383,342,334,334,337,"366",337,NA
"169",NA,3,7,"wPM279","279","II","Pre2017June",NA,NA,NA,"337",344,338,337,399,390,390,"390",337,NA
"170",NA,3,8,"wPM267","267","II","Pre2017June",NA,NA,NA,"395",331,337,330,337,402,377,"397",403,NA
"171",NA,3,9,"wPM298","298","II","Pre2017June",NA,NA,NA,"379",402,375,403,4,4,10,"23",23,NA
"172",NA,3,10,"wPM291","291","II","Pre2017June",NA,NA,NA,"40",65,55,55,82,97,17,"181",160,NA
"173",NA,3,11,"wPM255","255","II","Pre2017June",NA,NA,NA,"",NA,NA,NA,NA,NA,NA,"",NA,NA
"174",NA,3,12,"wPM250","250","II","Pre2017June",NA,NA,NA,"",NA,NA,NA,NA,NA,NA,"",NA,NA
"175",NA,3,13,"wPM257","257","II","Pre2017June",NA,NA,NA,"",NA,NA,NA,NA,NA,NA,"",NA,NA
"176",NA,3,14,"wPM291","291","II","Pre2017June",NA,NA,NA,"",NA,NA,NA,NA,NA,NA,"",NA,NA
"177",NA,3,15,"wPM291","291","II","Pre2017June",NA,NA,NA,"",NA,NA,NA,NA,NA,NA,"",NA,NA
"178",NA,3,16,"wPM253","253","II","Pre2017June",NA,NA,NA,"",NA,NA,NA,NA,NA,NA,"",NA,NA
"179",NA,3,17,"wPM278","278","II","Pre2017June",NA,NA,NA,"",NA,NA,NA,NA,NA,NA,"",NA,NA
"180",NA,3,18,"wPM253","253","II","Pre2017June",NA,NA,NA,"",NA,NA,NA,NA,NA,NA,"",NA,NA
"181",NA,3,19,"wPM283","283","II","Pre2017June",NA,NA,NA,"",NA,NA,NA,NA,NA,NA,"",NA,NA
"182",NA,3,20,"wPM300","300","II","Pre2017June",NA,NA,NA,"",NA,NA,NA,NA,NA,NA,"",NA,NA
"183",NA,3,21,"wPM309","309","II","Pre2017June",NA,NA,NA,"",NA,NA,NA,NA,NA,NA,"",NA,NA
"184",NA,3,22,"wPM310","310","II","Pre2017June",NA,NA,NA,"",NA,NA,NA,NA,NA,NA,"",NA,NA
"185",NA,3,23,"wPM311","311","II","Pre2017June",NA,NA,NA,"",NA,NA,NA,NA,NA,NA,"",NA,NA
"186",NA,3,24,"wPM311","311","II","Pre2017June",NA,NA,NA,"",NA,NA,NA,NA,NA,NA,"",NA,NA
"187",NA,3,25,"wPM313","313","II","Pre2017June",NA,NA,NA,"",NA,NA,NA,NA,NA,NA,"",NA,NA
"188",NA,3,26,"wPM316","316","II","Pre2017June",NA,NA,NA,"",NA,NA,NA,NA,NA,NA,"",NA,NA
"189",NA,3,27,"wPM317","317","II","Pre2017June",NA,NA,NA,"",NA,NA,NA,NA,NA,NA,"",NA,NA
"190",NA,3,28,"wPM318","318","II","Pre2017June",NA,NA,NA,"",NA,NA,NA,NA,NA,NA,"",NA,NA
"191",NA,3,29,"wPM318","318","II","Pre2017June",NA,NA,NA,"",NA,NA,NA,NA,NA,NA,"",NA,NA
"192",NA,3,30,"wPM319","319","II","Pre2017June",NA,NA,NA,"",NA,NA,NA,NA,NA,NA,"",NA,NA
"193",NA,3,31,"wPM323","323","II","Pre2017June",NA,NA,NA,"",NA,NA,NA,NA,NA,NA,"",NA,NA
"194",NA,3,32,"wPM253","253","II","Pre2017June",NA,NA,NA,"",NA,NA,NA,NA,NA,NA,"",NA,NA
"195",NA,3,33,"wPM292","292","II","Pre2017June",NA,NA,NA,"",NA,NA,NA,NA,NA,NA,"",NA,NA
"196",NA,3,34,"wPM319","319","II","Pre2017June",NA,NA,NA,"",NA,NA,NA,NA,NA,NA,"",NA,NA
"197",NA,3,35,"wPMn2 males","n2 males","","Pre2017June",NA,NA,NA,"",NA,NA,NA,NA,NA,NA,"",NA,NA
"198",NA,3,36,"wPM324","324","II","Pre2017June",NA,NA,NA,"",NA,NA,NA,NA,NA,NA,"",NA,NA
"199",NA,3,37,"wPM374","374","III","2017-05-10",NA,NA,NA,"",NA,NA,NA,NA,NA,NA,"",NA,NA
"200",NA,3,38,"wPM362","362","II","Pre2017June",NA,NA,NA,"",NA,NA,NA,NA,NA,NA,"",NA,NA
"201",NA,3,39,"wPM383","383","II","Pre2017June",NA,NA,NA,"",NA,NA,NA,NA,NA,NA,"",NA,NA
"202",NA,3,40,"wPM342","342","II","Pre2017June",NA,NA,NA,"",NA,NA,NA,NA,NA,NA,"",NA,NA
"203",NA,3,41,"wPM334","334","II","Pre2017June",NA,NA,NA,"",NA,NA,NA,NA,NA,NA,"",NA,NA
"204",NA,3,42,"wPM334","334","II","Pre2017June",NA,NA,NA,"",NA,NA,NA,NA,NA,NA,"",NA,NA
"205",NA,3,43,"wPM337","337","II","Pre2017June",NA,NA,NA,"",NA,NA,NA,NA,NA,NA,"",NA,NA
"206",NA,3,44,"wPM366","366","II","Pre2017June",NA,NA,NA,"",NA,NA,NA,NA,NA,NA,"",NA,NA
"207",NA,3,45,"wPM337","337","II","Pre2017June",NA,NA,NA,"",NA,NA,NA,NA,NA,NA,"",NA,NA
"208",NA,3,46,"wPM337","337","II","Pre2017June",NA,NA,NA,"",NA,NA,NA,NA,NA,NA,"",NA,NA
"209",NA,3,47,"wPM344","344","II","Pre2017June",NA,NA,NA,"",NA,NA,NA,NA,NA,NA,"",NA,NA
"210",NA,3,48,"wPM338","338","II","Pre2017June",NA,NA,NA,"",NA,NA,NA,NA,NA,NA,"",NA,NA
"211",NA,3,49,"wPM337","337","II","Pre2017June",NA,NA,NA,"",NA,NA,NA,NA,NA,NA,"",NA,NA
"212",NA,3,50,"wPM399","399","II","Pre2017June",NA,NA,NA,"",NA,NA,NA,NA,NA,NA,"",NA,NA
"213",NA,3,51,"wPM390","390","II","Pre2017June",NA,NA,NA,"",NA,NA,NA,NA,NA,NA,"",NA,NA
"214",NA,3,52,"wPM390","390","II","Pre2017June",NA,NA,NA,"",NA,NA,NA,NA,NA,NA,"",NA,NA
"215",NA,3,53,"wPM390","390","II","Pre2017June",NA,NA,NA,"",NA,NA,NA,NA,NA,NA,"",NA,NA
"216",NA,3,54,"wPM337","337","II","Pre2017June",NA,NA,NA,"",NA,NA,NA,NA,NA,NA,"",NA,NA
"217",NA,3,55,"wPM395","395","II","Pre2017June",NA,NA,NA,"",NA,NA,NA,NA,NA,NA,"",NA,NA
"218",NA,3,56,"wPM331","331","II","Pre2017June",NA,NA,NA,"",NA,NA,NA,NA,NA,NA,"",NA,NA
"219",NA,3,57,"wPM337","337","II","Pre2017June",NA,NA,NA,"",NA,NA,NA,NA,NA,NA,"",NA,NA
"220",NA,3,58,"wPM330","330","II","Pre2017June",NA,NA,NA,"",NA,NA,NA,NA,NA,NA,"",NA,NA
"221",NA,3,59,"wPM337","337","II","Pre2017June",NA,NA,NA,"",NA,NA,NA,NA,NA,NA,"",NA,NA
"222",NA,3,60,"wPM402","402","II","Pre2017June",NA,NA,NA,"",NA,NA,NA,NA,NA,NA,"",NA,NA
"223",NA,3,61,"wPM377","377","II","Pre2017June",NA,NA,NA,"",NA,NA,NA,NA,NA,NA,"",NA,NA
"224",NA,3,62,"wPM397","397","II","Pre2017June",NA,NA,NA,"",NA,NA,NA,NA,NA,NA,"",NA,NA
"225",NA,3,63,"wPM403","403","II","Pre2017June",NA,NA,NA,"",NA,NA,NA,NA,NA,NA,"",NA,NA
"226",NA,3,64,"wPM379","379","II","Pre2017June",NA,NA,NA,"",NA,NA,NA,NA,NA,NA,"",NA,NA
"227",NA,3,65,"wPM402","402","II","Pre2017June",NA,NA,NA,"",NA,NA,NA,NA,NA,NA,"",NA,NA
"228",NA,3,66,"wPM375","375","II","2017-05-01",NA,NA,NA,"",NA,NA,NA,NA,NA,NA,"",NA,NA
"229",NA,3,67,"wPM403","403","II","Pre2017June",NA,NA,NA,"",NA,NA,NA,NA,NA,NA,"",NA,NA
"230",NA,3,68,"wPM004","4","III","Pre2017June",NA,NA,NA,"",NA,NA,NA,NA,NA,NA,"",NA,NA
"231",NA,3,69,"wPM004","4","III","Pre2017June",NA,NA,NA,"",NA,NA,NA,NA,NA,NA,"",NA,NA
"232",NA,3,70,"wPM010","10","III","Pre2017June",NA,NA,NA,"",NA,NA,NA,NA,NA,NA,"",NA,NA
"233",NA,3,71,"wPM023","23","III","Pre2017June",NA,NA,NA,"",NA,NA,NA,NA,NA,NA,"",NA,NA
"234",NA,3,72,"wPM023","23","III","Pre2017June",NA,NA,NA,"",NA,NA,NA,NA,NA,NA,"",NA,NA
"235",NA,3,73,"wPM040","40","III","Pre2017June",NA,NA,NA,"",NA,NA,NA,NA,NA,NA,"",NA,NA
"236",NA,3,74,"wPM065","65","III","Pre2017June",NA,NA,NA,"",NA,NA,NA,NA,NA,NA,"",NA,NA
"237",NA,3,75,"wPM055","55","III","Pre2017June",NA,NA,NA,"",NA,NA,NA,NA,NA,NA,"",NA,NA
"238",NA,3,76,"wPM055","55","III","Pre2017June",NA,NA,NA,"",NA,NA,NA,NA,NA,NA,"",NA,NA
"239",NA,3,77,"wPM082","82","III","Pre2017June",NA,NA,NA,"",NA,NA,NA,NA,NA,NA,"",NA,NA
"240",NA,3,78,"wPM097","97","III","Pre2017June",NA,NA,NA,"",NA,NA,NA,NA,NA,NA,"",NA,NA
"241",NA,3,79,"wPM017","17","III","Pre2017June",NA,NA,NA,"",NA,NA,NA,NA,NA,NA,"",NA,NA
"242",NA,3,80,"wPM181","181","III","Pre2017June",NA,NA,NA,"",NA,NA,NA,NA,NA,NA,"",NA,NA
"243",NA,3,81,"wPM160","160","III","Pre2017June",NA,NA,NA,"",NA,NA,NA,NA,NA,NA,"",NA,NA
"244",NA,4,1,"wPM124","124","III","Pre2017June",NA,NA,NA,"Box",4,NA,NA,NA,NA,NA,"",NA,NA
"245",NA,4,2,"wPM112","112","III","Pre2017June",NA,NA,NA,"124",112,116,118,124,128,140,"142",142,NA
"246",NA,4,3,"wPM116","116","III","Pre2017June",NA,NA,NA,"153",153,154,156,157,163,164,"180",181,NA
"247",NA,4,4,"wPM118","118","III","Pre2017June",NA,NA,NA,"181",183,183,183,183,183,185,"189",190,NA
"248",NA,4,5,"wPM124","124","III","Pre2017June",NA,NA,NA,"194",197,197,197,198,200,201,"208",209,NA
"249",NA,4,6,"wPM128","128","III","Pre2017June",NA,NA,NA,"211",215,217,218,221,222,222,"227",237,NA
"250",NA,4,7,"wPM140","140","III","Pre2017June",NA,NA,NA,"238",238,243,243,245,246,249,"250",459,NA
"251",NA,4,8,"wPM142","142","III","Pre2017June",NA,NA,NA,"253",253,257,258,267,278,279,"279",283,NA
"252",NA,4,9,"wPM142","142","III","Pre2017June",NA,NA,NA,"283",285,287,281,291,296,298,"300",309,NA
"253",NA,4,10,"wPM153","153","III","Pre2017June",NA,NA,NA,"310",316,317,318,321,323,324,"330",334,NA
"254",NA,4,11,"wPM153","153","III","Pre2017June",NA,NA,NA,"",NA,NA,NA,NA,NA,NA,"",NA,NA
"255",NA,4,12,"wPM154","154","III","Pre2017June",NA,NA,NA,"",NA,NA,NA,NA,NA,NA,"",NA,NA
"256",NA,4,13,"wPM156","156","III","Pre2017June",NA,NA,NA,"",NA,NA,NA,NA,NA,NA,"",NA,NA
"257",NA,4,14,"wPM157","157","III","Pre2017June",NA,NA,NA,"",NA,NA,NA,NA,NA,NA,"",NA,NA
"258",NA,4,15,"wPM163","163","III","Pre2017June",NA,NA,NA,"",NA,NA,NA,NA,NA,NA,"",NA,NA
"259",NA,4,16,"wPM164","164","III","Pre2017June",NA,NA,NA,"",NA,NA,NA,NA,NA,NA,"",NA,NA
"260",NA,4,17,"wPM180","180","III","Pre2017June",NA,NA,NA,"",NA,NA,NA,NA,NA,NA,"",NA,NA
"261",NA,4,18,"wPM181","181","III","Pre2017June",NA,NA,NA,"",NA,NA,NA,NA,NA,NA,"",NA,NA
"262",NA,4,19,"wPM181","181","III","Pre2017June",NA,NA,NA,"",NA,NA,NA,NA,NA,NA,"",NA,NA
"263",NA,4,20,"wPM183","183","III","Pre2017June",NA,NA,NA,"",NA,NA,NA,NA,NA,NA,"",NA,NA
"264",NA,4,21,"wPM183","183","III","Pre2017June",NA,NA,NA,"",NA,NA,NA,NA,NA,NA,"",NA,NA
"265",NA,4,22,"wPM183","183","III","Pre2017June",NA,NA,NA,"",NA,NA,NA,NA,NA,NA,"",NA,NA
"266",NA,4,23,"wPM183","183","III","Pre2017June",NA,NA,NA,"",NA,NA,NA,NA,NA,NA,"",NA,NA
"267",NA,4,24,"wPM183","183","III","Pre2017June",NA,NA,NA,"",NA,NA,NA,NA,NA,NA,"",NA,NA
"268",NA,4,25,"wPM185","185","III","Pre2017June",NA,NA,NA,"",NA,NA,NA,NA,NA,NA,"",NA,NA
"269",NA,4,26,"wPM189","189","III","Pre2017June",NA,NA,NA,"",NA,NA,NA,NA,NA,NA,"",NA,NA
"270",NA,4,27,"wPM190","190","III","Pre2017June",NA,NA,NA,"",NA,NA,NA,NA,NA,NA,"",NA,NA
"271",NA,4,28,"wPM194","194","III","Pre2017June",NA,NA,NA,"",NA,NA,NA,NA,NA,NA,"",NA,NA
"272",NA,4,29,"wPM197","197","III","Pre2017June",NA,NA,NA,"",NA,NA,NA,NA,NA,NA,"",NA,NA
"273",NA,4,30,"wPM197","197","III","Pre2017June",NA,NA,NA,"",NA,NA,NA,NA,NA,NA,"",NA,NA
"274",NA,4,31,"wPM197","197","III","Pre2017June",NA,NA,NA,"",NA,NA,NA,NA,NA,NA,"",NA,NA
"275",NA,4,32,"wPM198","198","III","Pre2017June",NA,NA,NA,"",NA,NA,NA,NA,NA,NA,"",NA,NA
"276",NA,4,33,"wPM200","200","III","Pre2017June",NA,NA,NA,"",NA,NA,NA,NA,NA,NA,"",NA,NA
"277",NA,4,34,"wPM201","201","III","Pre2017June",NA,NA,NA,"",NA,NA,NA,NA,NA,NA,"",NA,NA
"278",NA,4,35,"wPM208","208","III","Pre2017June",NA,NA,NA,"",NA,NA,NA,NA,NA,NA,"",NA,NA
"279",NA,4,36,"wPM209","209","III","Pre2017June",NA,NA,NA,"",NA,NA,NA,NA,NA,NA,"",NA,NA
"280",NA,4,37,"wPM211","211","III","Pre2017June",NA,NA,NA,"",NA,NA,NA,NA,NA,NA,"",NA,NA
"281",NA,4,38,"wPM215","215","III","Pre2017June",NA,NA,NA,"",NA,NA,NA,NA,NA,NA,"",NA,NA
"282",NA,4,39,"wPM217","217","III","Pre2017June",NA,NA,NA,"",NA,NA,NA,NA,NA,NA,"",NA,NA
"283",NA,4,40,"wPM218","218","III","Pre2017June",NA,NA,NA,"",NA,NA,NA,NA,NA,NA,"",NA,NA
"284",NA,4,41,"wPM221","221","III","Pre2017June",NA,NA,NA,"",NA,NA,NA,NA,NA,NA,"",NA,NA
"285",NA,4,42,"wPM222","222","III","Pre2017June",NA,NA,NA,"",NA,NA,NA,NA,NA,NA,"",NA,NA
"286",NA,4,43,"wPM222","222","III","Pre2017June",NA,NA,NA,"",NA,NA,NA,NA,NA,NA,"",NA,NA
"287",NA,4,44,"wPM227","227","III","Pre2017June",NA,NA,NA,"",NA,NA,NA,NA,NA,NA,"",NA,NA
"288",NA,4,45,"wPM237","237","III","Pre2017June",NA,NA,NA,"",NA,NA,NA,NA,NA,NA,"",NA,NA
"289",NA,4,46,"wPM238","238","III","Pre2017June",NA,NA,NA,"",NA,NA,NA,NA,NA,NA,"",NA,NA
"290",NA,4,47,"wPM238","238","III","Pre2017June",NA,NA,NA,"",NA,NA,NA,NA,NA,NA,"",NA,NA
"291",NA,4,48,"wPM243","243","III","Pre2017June",NA,NA,NA,"",NA,NA,NA,NA,NA,NA,"",NA,NA
"292",NA,4,49,"wPM243","243","III","Pre2017June",NA,NA,NA,"",NA,NA,NA,NA,NA,NA,"",NA,NA
"293",NA,4,50,"wPM245","245","III","Pre2017June",NA,NA,NA,"",NA,NA,NA,NA,NA,NA,"",NA,NA
"294",NA,4,51,"wPM246","246","III","Pre2017June",NA,NA,NA,"",NA,NA,NA,NA,NA,NA,"",NA,NA
"295",NA,4,52,"wPM249","249","III","Pre2017June",NA,NA,NA,"",NA,NA,NA,NA,NA,NA,"",NA,NA
"296",NA,4,53,"wPM250","250","III","Pre2017June",NA,NA,NA,"",NA,NA,NA,NA,NA,NA,"",NA,NA
"297",NA,4,54,"wPM459","459","II","2016-09-23",NA,NA,NA,"",NA,NA,NA,NA,NA,NA,"",NA,NA
"298",NA,4,55,"wPM253","253","III","Pre2017June",NA,NA,NA,"",NA,NA,NA,NA,NA,NA,"",NA,NA
"299",NA,4,56,"wPM253","253","III","Pre2017June",NA,NA,NA,"",NA,NA,NA,NA,NA,NA,"",NA,NA
"300",NA,4,57,"wPM257","257","III","Pre2017June",NA,NA,NA,"",NA,NA,NA,NA,NA,NA,"",NA,NA
"301",NA,4,58,"wPM258","258","III","Pre2017June",NA,NA,NA,"",NA,NA,NA,NA,NA,NA,"",NA,NA
"302",NA,4,59,"wPM267","267","III","Pre2017June",NA,NA,NA,"",NA,NA,NA,NA,NA,NA,"",NA,NA
"303",NA,4,60,"wPM278","278","III","Pre2017June",NA,NA,NA,"",NA,NA,NA,NA,NA,NA,"",NA,NA
"304",NA,4,61,"wPM279","279","III","Pre2017June",NA,NA,NA,"",NA,NA,NA,NA,NA,NA,"",NA,NA
"305",NA,4,62,"wPM279","279","III","Pre2017June",NA,NA,NA,"",NA,NA,NA,NA,NA,NA,"",NA,NA
"306",NA,4,63,"wPM283","283","III","Pre2017June",NA,NA,NA,"",NA,NA,NA,NA,NA,NA,"",NA,NA
"307",NA,4,64,"wPM283","283","III","Pre2017June",NA,NA,NA,"",NA,NA,NA,NA,NA,NA,"",NA,NA
"308",NA,4,65,"wPM285","285","III","Pre2017June",NA,NA,NA,"",NA,NA,NA,NA,NA,NA,"",NA,NA
"309",NA,4,66,"wPM287","287","III","Pre2017June",NA,NA,NA,"",NA,NA,NA,NA,NA,NA,"",NA,NA
"310",NA,4,67,"wPM281","281","III","Pre2017June",NA,NA,NA,"",NA,NA,NA,NA,NA,NA,"",NA,NA
"311",NA,4,68,"wPM291","291","III","Pre2017June",NA,NA,NA,"",NA,NA,NA,NA,NA,NA,"",NA,NA
"312",NA,4,69,"wPM296","296","III","Pre2017June",NA,NA,NA,"",NA,NA,NA,NA,NA,NA,"",NA,NA
"313",NA,4,70,"wPM298","298","III","Pre2017June",NA,NA,NA,"",NA,NA,NA,NA,NA,NA,"",NA,NA
"314",NA,4,71,"wPM300","300","III","Pre2017June",NA,NA,NA,"",NA,NA,NA,NA,NA,NA,"",NA,NA
"315",NA,4,72,"wPM309","309","III","Pre2017June",NA,NA,NA,"",NA,NA,NA,NA,NA,NA,"",NA,NA
"316",NA,4,73,"wPM310","310","III","Pre2017June",NA,NA,NA,"",NA,NA,NA,NA,NA,NA,"",NA,NA
"317",NA,4,74,"wPM316","316","III","Pre2017June",NA,NA,NA,"",NA,NA,NA,NA,NA,NA,"",NA,NA
"318",NA,4,75,"wPM317","317","III","Pre2017June",NA,NA,NA,"",NA,NA,NA,NA,NA,NA,"",NA,NA
"319",NA,4,76,"wPM318","318","III","Pre2017June",NA,NA,NA,"",NA,NA,NA,NA,NA,NA,"",NA,NA
"320",NA,4,77,"wPM321","321","III","Pre2017June",NA,NA,NA,"",NA,NA,NA,NA,NA,NA,"",NA,NA
"321",NA,4,78,"wPM323","323","III","Pre2017June",NA,NA,NA,"",NA,NA,NA,NA,NA,NA,"",NA,NA
"322",NA,4,79,"wPM324","324","III","Pre2017June",NA,NA,NA,"",NA,NA,NA,NA,NA,NA,"",NA,NA
"323",NA,4,80,"wPM330","330","III","Pre2017June",NA,NA,NA,"",NA,NA,NA,NA,NA,NA,"",NA,NA
"324",NA,4,81,"wPM334","334","III","Pre2017June",NA,NA,NA,"",NA,NA,NA,NA,NA,NA,"",NA,NA
"325",NA,5,1,"wPM334","334","III","Pre2017June",NA,NA,NA,"Box",5,NA,NA,NA,NA,NA,"",NA,NA
"326",NA,5,2,"wPM337","337","III","Pre2017June",NA,NA,NA,"334",337,337,337,337,337,337,"342",318,NA
"327",NA,5,3,"wPM337","337","III","Pre2017June",NA,NA,NA,"344",497,352,366,375,377,379,"383",390,NA
"328",NA,5,4,"wPM337","337","III","Pre2017June",NA,NA,NA,"390",390,392,399,402,402,403,"403",410,NA
"329",NA,5,5,"wPM337","337","III","Pre2017June",NA,NA,NA,"410",412,419,420,420,423,4,"4",10,NA
"330",NA,5,6,"wPM337","337","III","Pre2017June",NA,NA,NA,"17",23,23,55,55,75,82,"97",118,NA
"331",NA,5,7,"wPM337","337","III","Pre2017June",NA,NA,NA,"124",140,142,142,148,150,152,"154",156,NA
"332",NA,5,8,"wPM342","342","III","Pre2017June",NA,NA,NA,"157",160,160,164,180,181,181,"183",183,NA
"333",NA,5,9,"wPM318","318","III","Pre2017June",NA,NA,NA,"183",183,185,189,190,195,200,"201",208,NA
"334",NA,5,10,"wPM344","344","III","Pre2017June",NA,NA,NA,"215",218,222,227,237,243,243,"244",245,NA
"335",NA,5,11,"wPM497","497","II","2016-09-23",NA,NA,NA,"",NA,NA,NA,NA,NA,NA,"",NA,NA
"336",NA,5,12,"wPM352","352","III","Pre2017June",NA,NA,NA,"",NA,NA,NA,NA,NA,NA,"",NA,NA
"337",NA,5,13,"wPM366","366","III","Pre2017June",NA,NA,NA,"",NA,NA,NA,NA,NA,NA,"",NA,NA
"338",NA,5,14,"wPM375","375","III","Pre2017June",NA,NA,NA,"",NA,NA,NA,NA,NA,NA,"",NA,NA
"339",NA,5,15,"wPM377","377","III","Pre2017June",NA,NA,NA,"",NA,NA,NA,NA,NA,NA,"",NA,NA
"340",NA,5,16,"wPM379","379","III","Pre2017June",NA,NA,NA,"",NA,NA,NA,NA,NA,NA,"",NA,NA
"341",NA,5,17,"wPM383","383","III","Pre2017June",NA,NA,NA,"",NA,NA,NA,NA,NA,NA,"",NA,NA
"342",NA,5,18,"wPM390","390","III","Pre2017June",NA,NA,NA,"",NA,NA,NA,NA,NA,NA,"",NA,NA
"343",NA,5,19,"wPM390","390","III","Pre2017June",NA,NA,NA,"",NA,NA,NA,NA,NA,NA,"",NA,NA
"344",NA,5,20,"wPM390","390","III","Pre2017June",NA,NA,NA,"",NA,NA,NA,NA,NA,NA,"",NA,NA
"345",NA,5,21,"wPM392","392","III","Pre2017June",NA,NA,NA,"",NA,NA,NA,NA,NA,NA,"",NA,NA
"346",NA,5,22,"wPM399","399","III","Pre2017June",NA,NA,NA,"",NA,NA,NA,NA,NA,NA,"",NA,NA
"347",NA,5,23,"wPM402","402","III","Pre2017June",NA,NA,NA,"",NA,NA,NA,NA,NA,NA,"",NA,NA
"348",NA,5,24,"wPM402","402","III","Pre2017June",NA,NA,NA,"",NA,NA,NA,NA,NA,NA,"",NA,NA
"349",NA,5,25,"wPM403","403","III","Pre2017June",NA,NA,NA,"",NA,NA,NA,NA,NA,NA,"",NA,NA
"350",NA,5,26,"wPM403","403","III","Pre2017June",NA,NA,NA,"",NA,NA,NA,NA,NA,NA,"",NA,NA
"351",NA,5,27,"wPM410","410","III","Pre2017June",NA,NA,NA,"",NA,NA,NA,NA,NA,NA,"",NA,NA
"352",NA,5,28,"wPM410","410","III","Pre2017June",NA,NA,NA,"",NA,NA,NA,NA,NA,NA,"",NA,NA
"353",NA,5,29,"wPM412","412","III","Pre2017June",NA,NA,NA,"",NA,NA,NA,NA,NA,NA,"",NA,NA
"354",NA,5,30,"wPM419","419","III","Pre2017June",NA,NA,NA,"",NA,NA,NA,NA,NA,NA,"",NA,NA
"355",NA,5,31,"wPM420","420","III","Pre2017June",NA,NA,NA,"",NA,NA,NA,NA,NA,NA,"",NA,NA
"356",NA,5,32,"wPM420","420","III","Pre2017June",NA,NA,NA,"",NA,NA,NA,NA,NA,NA,"",NA,NA
"357",NA,5,33,"wPM423","423","III","Pre2017June",NA,NA,NA,"",NA,NA,NA,NA,NA,NA,"",NA,NA
"358",NA,5,34,"wPM004","4","IV","Pre2017June",NA,NA,NA,"",NA,NA,NA,NA,NA,NA,"",NA,NA
"359",NA,5,35,"wPM004","4","IV","Pre2017June",NA,NA,NA,"",NA,NA,NA,NA,NA,NA,"",NA,NA
"360",NA,5,36,"wPM010","10","IV","Pre2017June",NA,NA,NA,"",NA,NA,NA,NA,NA,NA,"",NA,NA
"361",NA,5,37,"wPM017","17","IV","Pre2017June",NA,NA,NA,"",NA,NA,NA,NA,NA,NA,"",NA,NA
"362",NA,5,38,"wPM023","23","IV","Pre2017June",NA,NA,NA,"",NA,NA,NA,NA,NA,NA,"",NA,NA
"363",NA,5,39,"wPM023","23","IV","Pre2017June",NA,NA,NA,"",NA,NA,NA,NA,NA,NA,"",NA,NA
"364",NA,5,40,"wPM055","55","IV","Pre2017June",NA,NA,NA,"",NA,NA,NA,NA,NA,NA,"",NA,NA
"365",NA,5,41,"wPM055","55","IV","Pre2017June",NA,NA,NA,"",NA,NA,NA,NA,NA,NA,"",NA,NA
"366",NA,5,42,"wPM075","75","IV","Pre2017June",NA,NA,NA,"",NA,NA,NA,NA,NA,NA,"",NA,NA
"367",NA,5,43,"wPM082","82","IV","Pre2017June",NA,NA,NA,"",NA,NA,NA,NA,NA,NA,"",NA,NA
"368",NA,5,44,"wPM097","97","IV","Pre2017June",NA,NA,NA,"",NA,NA,NA,NA,NA,NA,"",NA,NA
"369",NA,5,45,"wPM118","118","IV","Pre2017June",NA,NA,NA,"",NA,NA,NA,NA,NA,NA,"",NA,NA
"370",NA,5,46,"wPM124","124","IV","Pre2017June",NA,NA,NA,"",NA,NA,NA,NA,NA,NA,"",NA,NA
"371",NA,5,47,"wPM140","140","IV","Pre2017June",NA,NA,NA,"",NA,NA,NA,NA,NA,NA,"",NA,NA
"372",NA,5,48,"wPM142","142","IV","Pre2017June",NA,NA,NA,"",NA,NA,NA,NA,NA,NA,"",NA,NA
"373",NA,5,49,"wPM142","142","IV","Pre2017June",NA,NA,NA,"",NA,NA,NA,NA,NA,NA,"",NA,NA
"374",NA,5,50,"wPM148","148","IV","Pre2017June",NA,NA,NA,"",NA,NA,NA,NA,NA,NA,"",NA,NA
"375",NA,5,51,"wPM150","150","IV","Pre2017June",NA,NA,NA,"",NA,NA,NA,NA,NA,NA,"",NA,NA
"376",NA,5,52,"wPM152","152","IV","Pre2017June",NA,NA,NA,"",NA,NA,NA,NA,NA,NA,"",NA,NA
"377",NA,5,53,"wPM154","154","IV","Pre2017June",NA,NA,NA,"",NA,NA,NA,NA,NA,NA,"",NA,NA
"378",NA,5,54,"wPM156","156","IV","Pre2017June",NA,NA,NA,"",NA,NA,NA,NA,NA,NA,"",NA,NA
"379",NA,5,55,"wPM157","157","IV","Pre2017June",NA,NA,NA,"",NA,NA,NA,NA,NA,NA,"",NA,NA
"380",NA,5,56,"wPM160","160","IV","Pre2017June",NA,NA,NA,"",NA,NA,NA,NA,NA,NA,"",NA,NA
"381",NA,5,57,"wPM160","160","IV","Pre2017June",NA,NA,NA,"",NA,NA,NA,NA,NA,NA,"",NA,NA
"382",NA,5,58,"wPM164","164","IV","Pre2017June",NA,NA,NA,"",NA,NA,NA,NA,NA,NA,"",NA,NA
"383",NA,5,59,"wPM180","180","IV","Pre2017June",NA,NA,NA,"",NA,NA,NA,NA,NA,NA,"",NA,NA
"384",NA,5,60,"wPM181","181","IV","Pre2017June",NA,NA,NA,"",NA,NA,NA,NA,NA,NA,"",NA,NA
"385",NA,5,61,"wPM181","181","IV","Pre2017June",NA,NA,NA,"",NA,NA,NA,NA,NA,NA,"",NA,NA
"386",NA,5,62,"wPM183","183","IV","Pre2017June",NA,NA,NA,"",NA,NA,NA,NA,NA,NA,"",NA,NA
"387",NA,5,63,"wPM183","183","IV","Pre2017June",NA,NA,NA,"",NA,NA,NA,NA,NA,NA,"",NA,NA
"388",NA,5,64,"wPM183","183","IV","Pre2017June",NA,NA,NA,"",NA,NA,NA,NA,NA,NA,"",NA,NA
"389",NA,5,65,"wPM183","183","IV","Pre2017June",NA,NA,NA,"",NA,NA,NA,NA,NA,NA,"",NA,NA
"390",NA,5,66,"wPM185","185","IV","Pre2017June",NA,NA,NA,"",NA,NA,NA,NA,NA,NA,"",NA,NA
"391",NA,5,67,"wPM189","189","IV","Pre2017June",NA,NA,NA,"",NA,NA,NA,NA,NA,NA,"",NA,NA
"392",NA,5,68,"wPM190","190","IV","Pre2017June",NA,NA,NA,"",NA,NA,NA,NA,NA,NA,"",NA,NA
"393",NA,5,69,"wPM195","195","IV","Pre2017June",NA,NA,NA,"",NA,NA,NA,NA,NA,NA,"",NA,NA
"394",NA,5,70,"wPM200","200","IV","Pre2017June",NA,NA,NA,"",NA,NA,NA,NA,NA,NA,"",NA,NA
"395",NA,5,71,"wPM201","201","IV","Pre2017June",NA,NA,NA,"",NA,NA,NA,NA,NA,NA,"",NA,NA
"396",NA,5,72,"wPM208","208","IV","Pre2017June",NA,NA,NA,"",NA,NA,NA,NA,NA,NA,"",NA,NA
"397",NA,5,73,"wPM215","215","IV","Pre2017June",NA,NA,NA,"",NA,NA,NA,NA,NA,NA,"",NA,NA
"398",NA,5,74,"wPM218","218","IV","Pre2017June",NA,NA,NA,"",NA,NA,NA,NA,NA,NA,"",NA,NA
"399",NA,5,75,"wPM222","222","IV","Pre2017June",NA,NA,NA,"",NA,NA,NA,NA,NA,NA,"",NA,NA
"400",NA,5,76,"wPM227","227","IV","Pre2017June",NA,NA,NA,"",NA,NA,NA,NA,NA,NA,"",NA,NA
"401",NA,5,77,"wPM237","237","IV","Pre2017June",NA,NA,NA,"",NA,NA,NA,NA,NA,NA,"",NA,NA
"402",NA,5,78,"wPM243","243","IV","Pre2017June",NA,NA,NA,"",NA,NA,NA,NA,NA,NA,"",NA,NA
"403",NA,5,79,"wPM243","243","IV","Pre2017June",NA,NA,NA,"",NA,NA,NA,NA,NA,NA,"",NA,NA
"404",NA,5,80,"wPM244","244","IV","Pre2017June",NA,NA,NA,"",NA,NA,NA,NA,NA,NA,"",NA,NA
"405",NA,5,81,"wPM245","245","IV","Pre2017June",NA,NA,NA,"",NA,NA,NA,NA,NA,NA,"",NA,NA
"406",NA,6,1,"wPM246","246","IV","Pre2017June",NA,NA,NA,"Box",6,NA,NA,NA,NA,NA,"",NA,NA
"407",NA,6,2,"wPM249","249","IV","Pre2017June",NA,NA,NA,"246",249,250,253,253,253,255,"257",258,NA
"408",NA,6,3,"wPM250","250","IV","Pre2017June",NA,NA,NA,"264",556,279,279,283,285,287,"291",291,NA
"409",NA,6,4,"wPM253","253","IV","Pre2017June",NA,NA,NA,"296",298,300,317,318,318,319,"321",323,NA
"410",NA,6,5,"wPM253","253","IV","Pre2017June",NA,NA,NA,"324",325,403,403,330,334,334,"337",337,NA
"411",NA,6,6,"wPM253","253","IV","Pre2017June",NA,NA,NA,"337",337,337,337,556,340,344,"352",366,NA
"412",NA,6,7,"wPM255","255","IV","Pre2017June",NA,NA,NA,"375",379,383,390,390,390,397,"399",400,NA
"413",NA,6,8,"wPM257","257","IV","Pre2017June",NA,NA,NA,"402",402,410,410,412,419,420,"423",423,NA
"414",NA,6,9,"wPM258","258","IV","Pre2017June",NA,NA,NA,"439",451,452,453,462,462,466,"467",467,NA
"415",NA,6,10,"wPM264","264","IV","Pre2017June",NA,NA,NA,"480",480,483,484,486,493,508,"502",499,NA
"416",NA,6,11,"wPM556","556","II ","2017-05-24",NA,NA,NA,"",NA,NA,NA,NA,NA,NA,"",NA,NA
"417",NA,6,12,"wPM279","279","IV","Pre2017June",NA,NA,NA,"",NA,NA,NA,NA,NA,NA,"",NA,NA
"418",NA,6,13,"wPM279","279","IV","Pre2017June",NA,NA,NA,"",NA,NA,NA,NA,NA,NA,"",NA,NA
"419",NA,6,14,"wPM283","283","IV","Pre2017June",NA,NA,NA,"",NA,NA,NA,NA,NA,NA,"",NA,NA
"420",NA,6,15,"wPM285","285","IV","Pre2017June",NA,NA,NA,"",NA,NA,NA,NA,NA,NA,"",NA,NA
"421",NA,6,16,"wPM287","287","IV","Pre2017June",NA,NA,NA,"",NA,NA,NA,NA,NA,NA,"",NA,NA
"422",NA,6,17,"wPM291","291","IV","Pre2017June",NA,NA,NA,"",NA,NA,NA,NA,NA,NA,"",NA,NA
"423",NA,6,18,"wPM291","291","IV","Pre2017June",NA,NA,NA,"",NA,NA,NA,NA,NA,NA,"",NA,NA
"424",NA,6,19,"wPM296","296","IV","Pre2017June",NA,NA,NA,"",NA,NA,NA,NA,NA,NA,"",NA,NA
"425",NA,6,20,"wPM298","298","IV","Pre2017June",NA,NA,NA,"",NA,NA,NA,NA,NA,NA,"",NA,NA
"426",NA,6,21,"wPM300","300","IV","Pre2017June",NA,NA,NA,"",NA,NA,NA,NA,NA,NA,"",NA,NA
"427",NA,6,22,"wPM317","317","IV","Pre2017June",NA,NA,NA,"",NA,NA,NA,NA,NA,NA,"",NA,NA
"428",NA,6,23,"wPM318","318","IV","Pre2017June",NA,NA,NA,"",NA,NA,NA,NA,NA,NA,"",NA,NA
"429",NA,6,24,"wPM318","318","IV","Pre2017June",NA,NA,NA,"",NA,NA,NA,NA,NA,NA,"",NA,NA
"430",NA,6,25,"wPM319","319","IV","Pre2017June",NA,NA,NA,"",NA,NA,NA,NA,NA,NA,"",NA,NA
"431",NA,6,26,"wPM321","321","IV","Pre2017June",NA,NA,NA,"",NA,NA,NA,NA,NA,NA,"",NA,NA
"432",NA,6,27,"wPM323","323","IV","Pre2017June",NA,NA,NA,"",NA,NA,NA,NA,NA,NA,"",NA,NA
"433",NA,6,28,"wPM324","324","IV","Pre2017June",NA,NA,NA,"",NA,NA,NA,NA,NA,NA,"",NA,NA
"434",NA,6,29,"wPM325","325","IV","Pre2017June",NA,NA,NA,"",NA,NA,NA,NA,NA,NA,"",NA,NA
"435",NA,6,30,"wPM403","403","IV","Pre2017June",NA,NA,NA,"",NA,NA,NA,NA,NA,NA,"",NA,NA
"436",NA,6,31,"wPM403","403","IV","Pre2017June",NA,NA,NA,"",NA,NA,NA,NA,NA,NA,"",NA,NA
"437",NA,6,32,"wPM330","330","IV","Pre2017June",NA,NA,NA,"",NA,NA,NA,NA,NA,NA,"",NA,NA
"438",NA,6,33,"wPM334","334","IV","Pre2017June",NA,NA,NA,"",NA,NA,NA,NA,NA,NA,"",NA,NA
"439",NA,6,34,"wPM334","334","IV","Pre2017June",NA,NA,NA,"",NA,NA,NA,NA,NA,NA,"",NA,NA
"440",NA,6,35,"wPM337","337","IV","Pre2017June",NA,NA,NA,"",NA,NA,NA,NA,NA,NA,"",NA,NA
"441",NA,6,36,"wPM337","337","IV","Pre2017June",NA,NA,NA,"",NA,NA,NA,NA,NA,NA,"",NA,NA
"442",NA,6,37,"wPM337","337","IV","Pre2017June",NA,NA,NA,"",NA,NA,NA,NA,NA,NA,"",NA,NA
"443",NA,6,38,"wPM337","337","IV","Pre2017June",NA,NA,NA,"",NA,NA,NA,NA,NA,NA,"",NA,NA
"444",NA,6,39,"wPM337","337","IV","Pre2017June",NA,NA,NA,"",NA,NA,NA,NA,NA,NA,"",NA,NA
"445",NA,6,40,"wPM337","337","IV","Pre2017June",NA,NA,NA,"",NA,NA,NA,NA,NA,NA,"",NA,NA
"446",NA,6,41,"wPM556","556","III","2017-05-24",NA,NA,NA,"",NA,NA,NA,NA,NA,NA,"",NA,NA
"447",NA,6,42,"wPM340","340","IV","Pre2017June",NA,NA,NA,"",NA,NA,NA,NA,NA,NA,"",NA,NA
"448",NA,6,43,"wPM344","344","IV","Pre2017June",NA,NA,NA,"",NA,NA,NA,NA,NA,NA,"",NA,NA
"449",NA,6,44,"wPM352","352","IV","Pre2017June",NA,NA,NA,"",NA,NA,NA,NA,NA,NA,"",NA,NA
"450",NA,6,45,"wPM366","366","IV","Pre2017June",NA,NA,NA,"",NA,NA,NA,NA,NA,NA,"",NA,NA
"451",NA,6,46,"wPM375","375","IV","Pre2017June",NA,NA,NA,"",NA,NA,NA,NA,NA,NA,"",NA,NA
"452",NA,6,47,"wPM379","379","IV","Pre2017June",NA,NA,NA,"",NA,NA,NA,NA,NA,NA,"",NA,NA
"453",NA,6,48,"wPM383","383","IV","Pre2017June",NA,NA,NA,"",NA,NA,NA,NA,NA,NA,"",NA,NA
"454",NA,6,49,"wPM390","390","IV","Pre2017June",NA,NA,NA,"",NA,NA,NA,NA,NA,NA,"",NA,NA
"455",NA,6,50,"wPM390","390","IV","Pre2017June",NA,NA,NA,"",NA,NA,NA,NA,NA,NA,"",NA,NA
"456",NA,6,51,"wPM390","390","IV","Pre2017June",NA,NA,NA,"",NA,NA,NA,NA,NA,NA,"",NA,NA
"457",NA,6,52,"wPM397","397","IV","Pre2017June",NA,NA,NA,"",NA,NA,NA,NA,NA,NA,"",NA,NA
"458",NA,6,53,"wPM399","399","IV","Pre2017June",NA,NA,NA,"",NA,NA,NA,NA,NA,NA,"",NA,NA
"459",NA,6,54,"wPM400","400","IV","Pre2017June",NA,NA,NA,"",NA,NA,NA,NA,NA,NA,"",NA,NA
"460",NA,6,55,"wPM402","402","IV","Pre2017June",NA,NA,NA,"",NA,NA,NA,NA,NA,NA,"",NA,NA
"461",NA,6,56,"wPM402","402","IV","Pre2017June",NA,NA,NA,"",NA,NA,NA,NA,NA,NA,"",NA,NA
"462",NA,6,57,"wPM410","410","IV","Pre2017June",NA,NA,NA,"",NA,NA,NA,NA,NA,NA,"",NA,NA
"463",NA,6,58,"wPM410","410","IV","Pre2017June",NA,NA,NA,"",NA,NA,NA,NA,NA,NA,"",NA,NA
"464",NA,6,59,"wPM412","412","IV","Pre2017June",NA,NA,NA,"",NA,NA,NA,NA,NA,NA,"",NA,NA
"465",NA,6,60,"wPM419","419","IV","Pre2017June",NA,NA,NA,"",NA,NA,NA,NA,NA,NA,"",NA,NA
"466",NA,6,61,"wPM420","420","IV","Pre2017June",NA,NA,NA,"",NA,NA,NA,NA,NA,NA,"",NA,NA
"467",NA,6,62,"wPM423","423","IV","Pre2017June",NA,NA,NA,"",NA,NA,NA,NA,NA,NA,"",NA,NA
"468",NA,6,63,"wPM423","423","IV","Pre2017June",NA,NA,NA,"",NA,NA,NA,NA,NA,NA,"",NA,NA
"469",NA,6,64,"wPM439","439","IV","Pre2017June",NA,NA,NA,"",NA,NA,NA,NA,NA,NA,"",NA,NA
"470",NA,6,65,"wPM451","451","IV","Pre2017June",NA,NA,NA,"",NA,NA,NA,NA,NA,NA,"",NA,NA
"471",NA,6,66,"wPM452","452","IV","Pre2017June",NA,NA,NA,"",NA,NA,NA,NA,NA,NA,"",NA,NA
"472",NA,6,67,"wPM453","453","IV","Pre2017June",NA,NA,NA,"",NA,NA,NA,NA,NA,NA,"",NA,NA
"473",NA,6,68,"wPM462","462","IV","Pre2017June",NA,NA,NA,"",NA,NA,NA,NA,NA,NA,"",NA,NA
"474",NA,6,69,"wPM462","462","IV","Pre2017June",NA,NA,NA,"",NA,NA,NA,NA,NA,NA,"",NA,NA
"475",NA,6,70,"wPM466","466","IV","Pre2017June",NA,NA,NA,"",NA,NA,NA,NA,NA,NA,"",NA,NA
"476",NA,6,71,"wPM467","467","IV","Pre2017June",NA,NA,NA,"",NA,NA,NA,NA,NA,NA,"",NA,NA
"477",NA,6,72,"wPM467","467","IV","Pre2017June",NA,NA,NA,"",NA,NA,NA,NA,NA,NA,"",NA,NA
"478",NA,6,73,"wPM480","480","IV","Pre2017June",NA,NA,NA,"",NA,NA,NA,NA,NA,NA,"",NA,NA
"479",NA,6,74,"wPM480","480","IV","Pre2017June",NA,NA,NA,"",NA,NA,NA,NA,NA,NA,"",NA,NA
"480",NA,6,75,"wPM483","483","IV","Pre2017June",NA,NA,NA,"",NA,NA,NA,NA,NA,NA,"",NA,NA
"481",NA,6,76,"wPM484","484","IV","Pre2017June",NA,NA,NA,"",NA,NA,NA,NA,NA,NA,"",NA,NA
"482",NA,6,77,"wPM486","486","IV","Pre2017June",NA,NA,NA,"",NA,NA,NA,NA,NA,NA,"",NA,NA
"483",NA,6,78,"wPM493","493","IV","Pre2017June",NA,NA,NA,"",NA,NA,NA,NA,NA,NA,"",NA,NA
"484",NA,6,79,"wPM508","508","IV","Pre2017June",NA,NA,NA,"",NA,NA,NA,NA,NA,NA,"",NA,NA
"485",NA,6,80,"wPM502","502","IV","Pre2017June",NA,NA,NA,"",NA,NA,NA,NA,NA,NA,"",NA,NA
"486",NA,6,81,"wPM499","499","IV","Pre2017June",NA,NA,NA,"",NA,NA,NA,NA,NA,NA,"",NA,NA
"487",NA,7,1,"wPM520","520","IV","Pre2017June",NA,NA,NA,"Box",7,NA,NA,NA,NA,NA,"",NA,NA
"488",NA,7,2,"wPM556","556","IV","2017-05-24",NA,NA,NA,"520",556,591,591,591,614,614,"614",0,NA
"489",NA,7,3,"wPM591","591","II","2017-07-04",NA,NA,NA,"0",0,0,0,0,0,0,"0",0,NA
"490",NA,7,4,"wPM591","591","III","2017-07-04",NA,NA,NA,"0",0,0,0,0,0,0,"0",0,NA
"491",NA,7,5,"wPM591","591","IV","2017-07-04",NA,NA,NA,"0",0,0,0,0,0,0,"0",0,NA
"492",NA,7,6,"wPM614","614","II","2017-06-30",NA,NA,NA,"0",0,0,0,0,0,0,"0",0,NA
"493",NA,7,7,"wPM614","614","III","2017-06-30",NA,NA,NA,"0",0,0,0,0,0,0,"0",0,NA
"494",NA,7,8,"wPM614","614","IV","2017-06-30",NA,NA,NA,"0",0,0,0,0,0,0,"0",0,NA
"495",NA,7,9,"wPM000","","","",NA,NA,NA,"0",0,0,0,0,0,0,"0",0,NA
"496",NA,7,10,"wPM000","","","",NA,NA,NA,"0",0,0,0,0,0,0,"0",0,NA
"497",NA,7,11,"wPM000","","","",NA,NA,NA,"",NA,NA,NA,NA,NA,NA,"",NA,NA
"498",NA,7,12,"wPM000","","","",NA,NA,NA,"",NA,NA,NA,NA,NA,NA,"",NA,NA
"499",NA,7,13,"wPM000","","","",NA,NA,NA,"",NA,NA,NA,NA,NA,NA,"",NA,NA
"500",NA,7,14,"wPM000","","","",NA,NA,NA,"",NA,NA,NA,NA,NA,NA,"",NA,NA
"501",NA,7,15,"wPM000","","","",NA,NA,NA,"",NA,NA,NA,NA,NA,NA,"",NA,NA
"502",NA,7,16,"wPM000","","","",NA,NA,NA,"",NA,NA,NA,NA,NA,NA,"",NA,NA
"503",NA,7,17,"wPM000","","","",NA,NA,NA,"",NA,NA,NA,NA,NA,NA,"",NA,NA
"504",NA,7,18,"wPM000","","","",NA,NA,NA,"",NA,NA,NA,NA,NA,NA,"",NA,NA
"505",NA,7,19,"wPM000","","","",NA,NA,NA,"",NA,NA,NA,NA,NA,NA,"",NA,NA
"506",NA,7,20,"wPM000","","","",NA,NA,NA,"",NA,NA,NA,NA,NA,NA,"",NA,NA
"507",NA,7,21,"wPM000","","","",NA,NA,NA,"",NA,NA,NA,NA,NA,NA,"",NA,NA
"508",NA,7,22,"wPM000","","","",NA,NA,NA,"",NA,NA,NA,NA,NA,NA,"",NA,NA
"509",NA,7,23,"wPM000","","","",NA,NA,NA,"",NA,NA,NA,NA,NA,NA,"",NA,NA
"510",NA,7,24,"wPM000","","","",NA,NA,NA,"",NA,NA,NA,NA,NA,NA,"",NA,NA
"511",NA,7,25,"wPM000","","","",NA,NA,NA,"",NA,NA,NA,NA,NA,NA,"",NA,NA
"512",NA,7,26,"wPM000","","","",NA,NA,NA,"",NA,NA,NA,NA,NA,NA,"",NA,NA
"513",NA,7,27,"wPM000","","","",NA,NA,NA,"",NA,NA,NA,NA,NA,NA,"",NA,NA
"514",NA,7,28,"wPM000","","","",NA,NA,NA,"",NA,NA,NA,NA,NA,NA,"",NA,NA
"515",NA,7,29,"wPM000","","","",NA,NA,NA,"",NA,NA,NA,NA,NA,NA,"",NA,NA
"516",NA,7,30,"wPM000","","","",NA,NA,NA,"",NA,NA,NA,NA,NA,NA,"",NA,NA
"517",NA,7,31,"wPM000","","","",NA,NA,NA,"",NA,NA,NA,NA,NA,NA,"",NA,NA
"518",NA,7,32,"wPM000","","","",NA,NA,NA,"",NA,NA,NA,NA,NA,NA,"",NA,NA
"519",NA,7,33,"wPM000","","","",NA,NA,NA,"",NA,NA,NA,NA,NA,NA,"",NA,NA
"520",NA,7,34,"wPM000","","","",NA,NA,NA,"",NA,NA,NA,NA,NA,NA,"",NA,NA
"521",NA,7,35,"wPM000","","","",NA,NA,NA,"",NA,NA,NA,NA,NA,NA,"",NA,NA
"522",NA,7,36,"wPM000","","","",NA,NA,NA,"",NA,NA,NA,NA,NA,NA,"",NA,NA
"523",NA,7,37,"wPM000","","","",NA,NA,NA,"",NA,NA,NA,NA,NA,NA,"",NA,NA
"524",NA,7,38,"wPM000","","","",NA,NA,NA,"",NA,NA,NA,NA,NA,NA,"",NA,NA
"525",NA,7,39,"wPM000","","","",NA,NA,NA,"",NA,NA,NA,NA,NA,NA,"",NA,NA
"526",NA,7,40,"wPM000","","","",NA,NA,NA,"",NA,NA,NA,NA,NA,NA,"",NA,NA
"527",NA,7,41,"wPM000","","","",NA,NA,NA,"",NA,NA,NA,NA,NA,NA,"",NA,NA
"528",NA,7,42,"wPM000","","","",NA,NA,NA,"",NA,NA,NA,NA,NA,NA,"",NA,NA
"529",NA,7,43,"wPM000","","","",NA,NA,NA,"",NA,NA,NA,NA,NA,NA,"",NA,NA
"530",NA,7,44,"wPM000","","","",NA,NA,NA,"",NA,NA,NA,NA,NA,NA,"",NA,NA
"531",NA,7,45,"wPM000","","","",NA,NA,NA,"",NA,NA,NA,NA,NA,NA,"",NA,NA
"532",NA,7,46,"wPM000","","","",NA,NA,NA,"",NA,NA,NA,NA,NA,NA,"",NA,NA
"533",NA,7,47,"wPM000","","","",NA,NA,NA,"",NA,NA,NA,NA,NA,NA,"",NA,NA
"534",NA,7,48,"wPM000","","","",NA,NA,NA,"",NA,NA,NA,NA,NA,NA,"",NA,NA
"535",NA,7,49,"wPM000","","","",NA,NA,NA,"",NA,NA,NA,NA,NA,NA,"",NA,NA
"536",NA,7,50,"wPM000","","","",NA,NA,NA,"",NA,NA,NA,NA,NA,NA,"",NA,NA
"537",NA,7,51,"wPM000","","","",NA,NA,NA,"",NA,NA,NA,NA,NA,NA,"",NA,NA
"538",NA,7,52,"wPM000","","","",NA,NA,NA,"",NA,NA,NA,NA,NA,NA,"",NA,NA
"539",NA,7,53,"wPM000","","","",NA,NA,NA,"",NA,NA,NA,NA,NA,NA,"",NA,NA
"540",NA,7,54,"wPM000","","","",NA,NA,NA,"",NA,NA,NA,NA,NA,NA,"",NA,NA
"541",NA,7,55,"wPM000","","","",NA,NA,NA,"",NA,NA,NA,NA,NA,NA,"",NA,NA
"542",NA,7,56,"wPM000","","","",NA,NA,NA,"",NA,NA,NA,NA,NA,NA,"",NA,NA
"543",NA,7,57,"wPM000","","","",NA,NA,NA,"",NA,NA,NA,NA,NA,NA,"",NA,NA
"544",NA,7,58,"wPM000","","","",NA,NA,NA,"",NA,NA,NA,NA,NA,NA,"",NA,NA
"545",NA,7,59,"wPM000","","","",NA,NA,NA,"",NA,NA,NA,NA,NA,NA,"",NA,NA
"546",NA,7,60,"wPM000","","","",NA,NA,NA,"",NA,NA,NA,NA,NA,NA,"",NA,NA
"547",NA,7,61,"wPM000","","","",NA,NA,NA,"",NA,NA,NA,NA,NA,NA,"",NA,NA
"548",NA,7,62,"wPM000","","","",NA,NA,NA,"",NA,NA,NA,NA,NA,NA,"",NA,NA
"549",NA,7,63,"wPM000","","","",NA,NA,NA,"",NA,NA,NA,NA,NA,NA,"",NA,NA
"550",NA,7,64,"wPM000","","","",NA,NA,NA,"",NA,NA,NA,NA,NA,NA,"",NA,NA
"551",NA,7,65,"wPM000","","","",NA,NA,NA,"",NA,NA,NA,NA,NA,NA,"",NA,NA
"552",NA,7,66,"wPM000","","","",NA,NA,NA,"",NA,NA,NA,NA,NA,NA,"",NA,NA
"553",NA,7,67,"wPM000","","","",NA,NA,NA,"",NA,NA,NA,NA,NA,NA,"",NA,NA
"554",NA,7,68,"wPM000","","","",NA,NA,NA,"",NA,NA,NA,NA,NA,NA,"",NA,NA
"555",NA,7,69,"wPM000","","","",NA,NA,NA,"",NA,NA,NA,NA,NA,NA,"",NA,NA
"556",NA,7,70,"wPM000","","","",NA,NA,NA,"",NA,NA,NA,NA,NA,NA,"",NA,NA
"557",NA,7,71,"wPM000","","","",NA,NA,NA,"",NA,NA,NA,NA,NA,NA,"",NA,NA
"558",NA,7,72,"wPM000","","","",NA,NA,NA,"",NA,NA,NA,NA,NA,NA,"",NA,NA
"559",NA,7,73,"wPM000","","","",NA,NA,NA,"",NA,NA,NA,NA,NA,NA,"",NA,NA
"560",NA,7,74,"wPM000","","","",NA,NA,NA,"",NA,NA,NA,NA,NA,NA,"",NA,NA
"561",NA,7,75,"wPM000","","","",NA,NA,NA,"",NA,NA,NA,NA,NA,NA,"",NA,NA
"562",NA,7,76,"wPM000","","","",NA,NA,NA,"",NA,NA,NA,NA,NA,NA,"",NA,NA
"563",NA,7,77,"wPM000","","","",NA,NA,NA,"",NA,NA,NA,NA,NA,NA,"",NA,NA
"564",NA,7,78,"wPM000","","","",NA,NA,NA,"",NA,NA,NA,NA,NA,NA,"",NA,NA
"565",NA,7,79,"wPM000","","","",NA,NA,NA,"",NA,NA,NA,NA,NA,NA,"",NA,NA
"566",NA,7,80,"wPM000","","","",NA,NA,NA,"",NA,NA,NA,NA,NA,NA,"",NA,NA
"567",NA,7,81,"wPM000","","","",NA,NA,NA,"",NA,NA,NA,NA,NA,NA,"",NA,NA
"568",NA,8,1,"wPM000","","","",NA,NA,NA,"Box",8,NA,NA,NA,NA,NA,"",NA,NA
"569",NA,8,2,"wPM000","","","",NA,NA,NA,"0",0,0,0,0,0,0,"0",0,NA
"570",NA,8,3,"wPM000","","","",NA,NA,NA,"0",0,0,0,0,0,0,"0",0,NA
"571",NA,8,4,"wPM000","","","",NA,NA,NA,"0",0,0,0,0,0,0,"0",0,NA
"572",NA,8,5,"wPM000","","","",NA,NA,NA,"0",0,0,0,0,0,0,"0",0,NA
"573",NA,8,6,"wPM000","","","",NA,NA,NA,"0",0,0,0,0,0,0,"0",0,NA
"574",NA,8,7,"wPM000","","","",NA,NA,NA,"0",0,0,0,0,0,0,"0",0,NA
"575",NA,8,8,"wPM000","","","",NA,NA,NA,"0",0,0,0,0,0,0,"0",0,NA
"576",NA,8,9,"wPM000","","","",NA,NA,NA,"0",0,0,0,0,0,0,"0",0,NA
"577",NA,8,10,"wPM000","","","",NA,NA,NA,"0",0,0,0,0,0,0,"0",0,NA
"578",NA,8,11,"wPM000","","","",NA,NA,NA,"",NA,NA,NA,NA,NA,NA,"",NA,NA
"579",NA,8,12,"wPM000","","","",NA,NA,NA,"",NA,NA,NA,NA,NA,NA,"",NA,NA
"580",NA,8,13,"wPM000","","","",NA,NA,NA,"",NA,NA,NA,NA,NA,NA,"",NA,NA
"581",NA,8,14,"wPM000","","","",NA,NA,NA,"",NA,NA,NA,NA,NA,NA,"",NA,NA
"582",NA,8,15,"wPM000","","","",NA,NA,NA,"",NA,NA,NA,NA,NA,NA,"",NA,NA
"583",NA,8,16,"wPM000","","","",NA,NA,NA,"",NA,NA,NA,NA,NA,NA,"",NA,NA
"584",NA,8,17,"wPM000","","","",NA,NA,NA,"",NA,NA,NA,NA,NA,NA,"",NA,NA
"585",NA,8,18,"wPM000","","","",NA,NA,NA,"",NA,NA,NA,NA,NA,NA,"",NA,NA
"586",NA,8,19,"wPM000","","","",NA,NA,NA,"",NA,NA,NA,NA,NA,NA,"",NA,NA
"587",NA,8,20,"wPM000","","","",NA,NA,NA,"",NA,NA,NA,NA,NA,NA,"",NA,NA
"588",NA,8,21,"wPM000","","","",NA,NA,NA,"",NA,NA,NA,NA,NA,NA,"",NA,NA
"589",NA,8,22,"wPM000","","","",NA,NA,NA,"",NA,NA,NA,NA,NA,NA,"",NA,NA
"590",NA,8,23,"wPM000","","","",NA,NA,NA,"",NA,NA,NA,NA,NA,NA,"",NA,NA
"591",NA,8,24,"wPM000","","","",NA,NA,NA,"",NA,NA,NA,NA,NA,NA,"",NA,NA
"592",NA,8,25,"wPM000","","","",NA,NA,NA,"",NA,NA,NA,NA,NA,NA,"",NA,NA
"593",NA,8,26,"wPM000","","","",NA,NA,NA,"",NA,NA,NA,NA,NA,NA,"",NA,NA
"594",NA,8,27,"wPM000","","","",NA,NA,NA,"",NA,NA,NA,NA,NA,NA,"",NA,NA
"595",NA,8,28,"wPM000","","","",NA,NA,NA,"",NA,NA,NA,NA,NA,NA,"",NA,NA
"596",NA,8,29,"wPM000","","","",NA,NA,NA,"",NA,NA,NA,NA,NA,NA,"",NA,NA
"597",NA,8,30,"wPM000","","","",NA,NA,NA,"",NA,NA,NA,NA,NA,NA,"",NA,NA
"598",NA,8,31,"wPM000","","","",NA,NA,NA,"",NA,NA,NA,NA,NA,NA,"",NA,NA
"599",NA,8,32,"wPM000","","","",NA,NA,NA,"",NA,NA,NA,NA,NA,NA,"",NA,NA
"600",NA,8,33,"wPM000","","","",NA,NA,NA,"",NA,NA,NA,NA,NA,NA,"",NA,NA
"601",NA,8,34,"wPM000","","","",NA,NA,NA,"",NA,NA,NA,NA,NA,NA,"",NA,NA
"602",NA,8,35,"wPM000","","","",NA,NA,NA,"",NA,NA,NA,NA,NA,NA,"",NA,NA
"603",NA,8,36,"wPM000","","","",NA,NA,NA,"",NA,NA,NA,NA,NA,NA,"",NA,NA
"604",NA,8,37,"wPM000","","","",NA,NA,NA,"",NA,NA,NA,NA,NA,NA,"",NA,NA
"605",NA,8,38,"wPM000","","","",NA,NA,NA,"",NA,NA,NA,NA,NA,NA,"",NA,NA
"606",NA,8,39,"wPM000","","","",NA,NA,NA,"",NA,NA,NA,NA,NA,NA,"",NA,NA
"607",NA,8,40,"wPM000","","","",NA,NA,NA,"",NA,NA,NA,NA,NA,NA,"",NA,NA
"608",NA,8,41,"wPM000","","","",NA,NA,NA,"",NA,NA,NA,NA,NA,NA,"",NA,NA
"609",NA,8,42,"wPM000","","","",NA,NA,NA,"",NA,NA,NA,NA,NA,NA,"",NA,NA
"610",NA,8,43,"wPM000","","","",NA,NA,NA,"",NA,NA,NA,NA,NA,NA,"",NA,NA
"611",NA,8,44,"wPM000","","","",NA,NA,NA,"",NA,NA,NA,NA,NA,NA,"",NA,NA
"612",NA,8,45,"wPM000","","","",NA,NA,NA,"",NA,NA,NA,NA,NA,NA,"",NA,NA
"613",NA,8,46,"wPM000","","","",NA,NA,NA,"",NA,NA,NA,NA,NA,NA,"",NA,NA
"614",NA,8,47,"wPM000","","","",NA,NA,NA,"",NA,NA,NA,NA,NA,NA,"",NA,NA
"615",NA,8,48,"wPM000","","","",NA,NA,NA,"",NA,NA,NA,NA,NA,NA,"",NA,NA
"616",NA,8,49,"wPM000","","","",NA,NA,NA,"",NA,NA,NA,NA,NA,NA,"",NA,NA
"617",NA,8,50,"wPM000","","","",NA,NA,NA,"",NA,NA,NA,NA,NA,NA,"",NA,NA
"618",NA,8,51,"wPM000","","","",NA,NA,NA,"",NA,NA,NA,NA,NA,NA,"",NA,NA
"619",NA,8,52,"wPM000","","","",NA,NA,NA,"",NA,NA,NA,NA,NA,NA,"",NA,NA
"620",NA,8,53,"wPM000","","","",NA,NA,NA,"",NA,NA,NA,NA,NA,NA,"",NA,NA
"621",NA,8,54,"wPM000","","","",NA,NA,NA,"",NA,NA,NA,NA,NA,NA,"",NA,NA
"622",NA,8,55,"wPM000","","","",NA,NA,NA,"",NA,NA,NA,NA,NA,NA,"",NA,NA
"623",NA,8,56,"wPM000","","","",NA,NA,NA,"",NA,NA,NA,NA,NA,NA,"",NA,NA
"624",NA,8,57,"wPM000","","","",NA,NA,NA,"",NA,NA,NA,NA,NA,NA,"",NA,NA
"625",NA,8,58,"wPM000","","","",NA,NA,NA,"",NA,NA,NA,NA,NA,NA,"",NA,NA
"626",NA,8,59,"wPM000","","","",NA,NA,NA,"",NA,NA,NA,NA,NA,NA,"",NA,NA
"627",NA,8,60,"wPM000","","","",NA,NA,NA,"",NA,NA,NA,NA,NA,NA,"",NA,NA
"628",NA,8,61,"wPM000","","","",NA,NA,NA,"",NA,NA,NA,NA,NA,NA,"",NA,NA
"629",NA,8,62,"wPM000","","","",NA,NA,NA,"",NA,NA,NA,NA,NA,NA,"",NA,NA
"630",NA,8,63,"wPM000","","","",NA,NA,NA,"",NA,NA,NA,NA,NA,NA,"",NA,NA
"631",NA,8,64,"wPM000","","","",NA,NA,NA,"",NA,NA,NA,NA,NA,NA,"",NA,NA
"632",NA,8,65,"wPM000","","","",NA,NA,NA,"",NA,NA,NA,NA,NA,NA,"",NA,NA
"633",NA,8,66,"wPM000","","","",NA,NA,NA,"",NA,NA,NA,NA,NA,NA,"",NA,NA
"634",NA,8,67,"wPM000","","","",NA,NA,NA,"",NA,NA,NA,NA,NA,NA,"",NA,NA
"635",NA,8,68,"wPM000","","","",NA,NA,NA,"",NA,NA,NA,NA,NA,NA,"",NA,NA
"636",NA,8,69,"wPM000","","","",NA,NA,NA,"",NA,NA,NA,NA,NA,NA,"",NA,NA
"637",NA,8,70,"wPM000","","","",NA,NA,NA,"",NA,NA,NA,NA,NA,NA,"",NA,NA
"638",NA,8,71,"wPM000","","","",NA,NA,NA,"",NA,NA,NA,NA,NA,NA,"",NA,NA
"639",NA,8,72,"wPM000","","","",NA,NA,NA,"",NA,NA,NA,NA,NA,NA,"",NA,NA
"640",NA,8,73,"wPM000","","","",NA,NA,NA,"",NA,NA,NA,NA,NA,NA,"",NA,NA
"641",NA,8,74,"wPM000","","","",NA,NA,NA,"",NA,NA,NA,NA,NA,NA,"",NA,NA
"642",NA,8,75,"wPM000","","","",NA,NA,NA,"",NA,NA,NA,NA,NA,NA,"",NA,NA
"643",NA,8,76,"wPM000","","","",NA,NA,NA,"",NA,NA,NA,NA,NA,NA,"",NA,NA
"644",NA,8,77,"wPM000","","","",NA,NA,NA,"",NA,NA,NA,NA,NA,NA,"",NA,NA
"645",NA,8,78,"wPM000","","","",NA,NA,NA,"",NA,NA,NA,NA,NA,NA,"",NA,NA
"646",NA,8,79,"wPM000","","","",NA,NA,NA,"",NA,NA,NA,NA,NA,NA,"",NA,NA
"647",NA,8,80,"wPM000","","","",NA,NA,NA,"",NA,NA,NA,NA,NA,NA,"",NA,NA
"648",NA,8,81,"wPM000","","","",NA,NA,NA,"",NA,NA,NA,NA,NA,NA,"",NA,NA
"649",NA,9,1,"wPM000","","","",NA,NA,NA,"Box",9,NA,NA,NA,NA,NA,"",NA,NA
"650",NA,9,2,"wPM000","","","",NA,NA,NA,"0",0,0,0,0,0,0,"0",0,NA
"651",NA,9,3,"wPM000","","","",NA,NA,NA,"0",0,0,0,0,0,0,"0",0,NA
"652",NA,9,4,"wPM000","","","",NA,NA,NA,"0",0,0,0,0,0,0,"0",0,NA
"653",NA,9,5,"wPM000","","","",NA,NA,NA,"0",0,0,0,0,0,0,"0",0,NA
"654",NA,9,6,"wPM000","","","",NA,NA,NA,"0",0,0,0,0,0,0,"0",0,NA
"655",NA,9,7,"wPM000","","","",NA,NA,NA,"0",0,0,0,0,0,0,"0",0,NA
"656",NA,9,8,"wPM000","","","",NA,NA,NA,"0",0,0,0,0,0,0,"0",0,NA
"657",NA,9,9,"wPM000","","","",NA,NA,NA,"0",0,0,0,0,0,0,"0",0,NA
"658",NA,9,10,"wPM000","","","",NA,NA,NA,"0",0,0,0,0,0,0,"0",0,NA
"659",NA,9,11,"wPM000","","","",NA,NA,NA,"",NA,NA,NA,NA,NA,NA,"",NA,NA
"660",NA,9,12,"wPM000","","","",NA,NA,NA,"",NA,NA,NA,NA,NA,NA,"",NA,NA
"661",NA,9,13,"wPM000","","","",NA,NA,NA,"",NA,NA,NA,NA,NA,NA,"",NA,NA
"662",NA,9,14,"wPM000","","","",NA,NA,NA,"",NA,NA,NA,NA,NA,NA,"",NA,NA
"663",NA,9,15,"wPM000","","","",NA,NA,NA,"",NA,NA,NA,NA,NA,NA,"",NA,NA
"664",NA,9,16,"wPM000","","","",NA,NA,NA,"",NA,NA,NA,NA,NA,NA,"",NA,NA
"665",NA,9,17,"wPM000","","","",NA,NA,NA,"",NA,NA,NA,NA,NA,NA,"",NA,NA
"666",NA,9,18,"wPM000","","","",NA,NA,NA,"",NA,NA,NA,NA,NA,NA,"",NA,NA
"667",NA,9,19,"wPM000","","","",NA,NA,NA,"",NA,NA,NA,NA,NA,NA,"",NA,NA
"668",NA,9,20,"wPM000","","","",NA,NA,NA,"",NA,NA,NA,NA,NA,NA,"",NA,NA
"669",NA,9,21,"wPM000","","","",NA,NA,NA,"",NA,NA,NA,NA,NA,NA,"",NA,NA
"670",NA,9,22,"wPM000","","","",NA,NA,NA,"",NA,NA,NA,NA,NA,NA,"",NA,NA
"671",NA,9,23,"wPM000","","","",NA,NA,NA,"",NA,NA,NA,NA,NA,NA,"",NA,NA
"672",NA,9,24,"wPM000","","","",NA,NA,NA,"",NA,NA,NA,NA,NA,NA,"",NA,NA
"673",NA,9,25,"wPM000","","","",NA,NA,NA,"",NA,NA,NA,NA,NA,NA,"",NA,NA
"674",NA,9,26,"wPM000","","","",NA,NA,NA,"",NA,NA,NA,NA,NA,NA,"",NA,NA
"675",NA,9,27,"wPM000","","","",NA,NA,NA,"",NA,NA,NA,NA,NA,NA,"",NA,NA
"676",NA,9,28,"wPM000","","","",NA,NA,NA,"",NA,NA,NA,NA,NA,NA,"",NA,NA
"677",NA,9,29,"wPM000","","","",NA,NA,NA,"",NA,NA,NA,NA,NA,NA,"",NA,NA
"678",NA,9,30,"wPM000","","","",NA,NA,NA,"",NA,NA,NA,NA,NA,NA,"",NA,NA
"679",NA,9,31,"wPM000","","","",NA,NA,NA,"",NA,NA,NA,NA,NA,NA,"",NA,NA
"680",NA,9,32,"wPM000","","","",NA,NA,NA,"",NA,NA,NA,NA,NA,NA,"",NA,NA
"681",NA,9,33,"wPM000","","","",NA,NA,NA,"",NA,NA,NA,NA,NA,NA,"",NA,NA
"682",NA,9,34,"wPM000","","","",NA,NA,NA,"",NA,NA,NA,NA,NA,NA,"",NA,NA
"683",NA,9,35,"wPM000","","","",NA,NA,NA,"",NA,NA,NA,NA,NA,NA,"",NA,NA
"684",NA,9,36,"wPM000","","","",NA,NA,NA,"",NA,NA,NA,NA,NA,NA,"",NA,NA
"685",NA,9,37,"wPM000","","","",NA,NA,NA,"",NA,NA,NA,NA,NA,NA,"",NA,NA
"686",NA,9,38,"wPM000","","","",NA,NA,NA,"",NA,NA,NA,NA,NA,NA,"",NA,NA
"687",NA,9,39,"wPM000","","","",NA,NA,NA,"",NA,NA,NA,NA,NA,NA,"",NA,NA
"688",NA,9,40,"wPM000","","","",NA,NA,NA,"",NA,NA,NA,NA,NA,NA,"",NA,NA
"689",NA,9,41,"wPM000","","","",NA,NA,NA,"",NA,NA,NA,NA,NA,NA,"",NA,NA
"690",NA,9,42,"wPM000","","","",NA,NA,NA,"",NA,NA,NA,NA,NA,NA,"",NA,NA
"691",NA,9,43,"wPM000","","","",NA,NA,NA,"",NA,NA,NA,NA,NA,NA,"",NA,NA
"692",NA,9,44,"wPM000","","","",NA,NA,NA,"",NA,NA,NA,NA,NA,NA,"",NA,NA
"693",NA,9,45,"wPM000","","","",NA,NA,NA,"",NA,NA,NA,NA,NA,NA,"",NA,NA
"694",NA,9,46,"wPM000","","","",NA,NA,NA,"",NA,NA,NA,NA,NA,NA,"",NA,NA
"695",NA,9,47,"wPM000","","","",NA,NA,NA,"",NA,NA,NA,NA,NA,NA,"",NA,NA
"696",NA,9,48,"wPM000","","","",NA,NA,NA,"",NA,NA,NA,NA,NA,NA,"",NA,NA
"697",NA,9,49,"wPM000","","","",NA,NA,NA,"",NA,NA,NA,NA,NA,NA,"",NA,NA
"698",NA,9,50,"wPM000","","","",NA,NA,NA,"",NA,NA,NA,NA,NA,NA,"",NA,NA
"699",NA,9,51,"wPM000","","","",NA,NA,NA,"",NA,NA,NA,NA,NA,NA,"",NA,NA
"700",NA,9,52,"wPM000","","","",NA,NA,NA,"",NA,NA,NA,NA,NA,NA,"",NA,NA
"701",NA,9,53,"wPM000","","","",NA,NA,NA,"",NA,NA,NA,NA,NA,NA,"",NA,NA
"702",NA,9,54,"wPM000","","","",NA,NA,NA,"",NA,NA,NA,NA,NA,NA,"",NA,NA
"703",NA,9,55,"wPM000","","","",NA,NA,NA,"",NA,NA,NA,NA,NA,NA,"",NA,NA
"704",NA,9,56,"wPM000","","","",NA,NA,NA,"",NA,NA,NA,NA,NA,NA,"",NA,NA
"705",NA,9,57,"wPM000","","","",NA,NA,NA,"",NA,NA,NA,NA,NA,NA,"",NA,NA
"706",NA,9,58,"wPM000","","","",NA,NA,NA,"",NA,NA,NA,NA,NA,NA,"",NA,NA
"707",NA,9,59,"wPM000","","","",NA,NA,NA,"",NA,NA,NA,NA,NA,NA,"",NA,NA
"708",NA,9,60,"wPM000","","","",NA,NA,NA,"",NA,NA,NA,NA,NA,NA,"",NA,NA
"709",NA,9,61,"wPM000","","","",NA,NA,NA,"",NA,NA,NA,NA,NA,NA,"",NA,NA
"710",NA,9,62,"wPM000","","","",NA,NA,NA,"",NA,NA,NA,NA,NA,NA,"",NA,NA
"711",NA,9,63,"wPM000","","","",NA,NA,NA,"",NA,NA,NA,NA,NA,NA,"",NA,NA
"712",NA,9,64,"wPM000","","","",NA,NA,NA,"",NA,NA,NA,NA,NA,NA,"",NA,NA
"713",NA,9,65,"wPM000","","","",NA,NA,NA,"",NA,NA,NA,NA,NA,NA,"",NA,NA
"714",NA,9,66,"wPM000","","","",NA,NA,NA,"",NA,NA,NA,NA,NA,NA,"",NA,NA
"715",NA,9,67,"wPM000","","","",NA,NA,NA,"",NA,NA,NA,NA,NA,NA,"",NA,NA
"716",NA,9,68,"wPM000","","","",NA,NA,NA,"",NA,NA,NA,NA,NA,NA,"",NA,NA
"717",NA,9,69,"wPM000","","","",NA,NA,NA,"",NA,NA,NA,NA,NA,NA,"",NA,NA
"718",NA,9,70,"wPM000","","","",NA,NA,NA,"",NA,NA,NA,NA,NA,NA,"",NA,NA
"719",NA,9,71,"wPM000","","","",NA,NA,NA,"",NA,NA,NA,NA,NA,NA,"",NA,NA
"720",NA,9,72,"wPM000","","","",NA,NA,NA,"",NA,NA,NA,NA,NA,NA,"",NA,NA
"721",NA,9,73,"wPM000","","","",NA,NA,NA,"",NA,NA,NA,NA,NA,NA,"",NA,NA
"722",NA,9,74,"wPM000","","","",NA,NA,NA,"",NA,NA,NA,NA,NA,NA,"",NA,NA
"723",NA,9,75,"wPM000","","","",NA,NA,NA,"",NA,NA,NA,NA,NA,NA,"",NA,NA
"724",NA,9,76,"wPM000","","","",NA,NA,NA,"",NA,NA,NA,NA,NA,NA,"",NA,NA
"725",NA,9,77,"wPM000","","","",NA,NA,NA,"",NA,NA,NA,NA,NA,NA,"",NA,NA
"726",NA,9,78,"wPM000","","","",NA,NA,NA,"",NA,NA,NA,NA,NA,NA,"",NA,NA
"727",NA,9,79,"wPM000","","","",NA,NA,NA,"",NA,NA,NA,NA,NA,NA,"",NA,NA
"728",NA,9,80,"wPM000","","","",NA,NA,NA,"",NA,NA,NA,NA,NA,NA,"",NA,NA
"729",NA,9,81,"wPM000","","","",NA,NA,NA,"",NA,NA,NA,NA,NA,NA,"",NA,NA
"730",NA,10,1,"wPM000","","","",NA,NA,NA,"",NA,NA,NA,NA,NA,NA,"",NA,NA
"731",NA,10,2,"wPM000","","","",NA,NA,NA,"Box",10,NA,NA,NA,NA,NA,"",NA,NA
"732",NA,10,3,"wPM000","","","",NA,NA,NA,"0",0,0,0,0,0,0,"0",0,NA
"733",NA,10,4,"wPM000","","","",NA,NA,NA,"0",0,0,0,0,0,0,"0",0,NA
"734",NA,10,5,"wPM000","","","",NA,NA,NA,"0",0,0,0,0,0,0,"0",0,NA
"735",NA,10,6,"wPM000","","","",NA,NA,NA,"0",0,0,0,0,0,0,"0",0,NA
"736",NA,10,7,"wPM000","","","",NA,NA,NA,"0",0,0,0,0,0,0,"0",0,NA
"737",NA,10,8,"wPM000","","","",NA,NA,NA,"0",0,0,0,0,0,0,"0",0,NA
"738",NA,10,9,"wPM000","","","",NA,NA,NA,"0",0,0,0,0,0,0,"0",0,NA
"739",NA,10,10,"wPM000","","","",NA,NA,NA,"0",0,0,0,0,0,0,"0",0,NA
"740",NA,10,11,"wPM000","","","",NA,NA,NA,"0",0,0,0,0,0,0,"0",0,NA
"741",NA,10,12,"wPM000","","","",NA,NA,NA,"",NA,NA,NA,NA,NA,NA,"",NA,NA
"742",NA,10,13,"wPM000","","","",NA,NA,NA,"",NA,NA,NA,NA,NA,NA,"",NA,NA
"743",NA,10,14,"wPM000","","","",NA,NA,NA,"",NA,NA,NA,NA,NA,NA,"",NA,NA
"744",NA,10,15,"wPM000","","","",NA,NA,NA,"",NA,NA,NA,NA,NA,NA,"",NA,NA
"745",NA,10,16,"wPM000","","","",NA,NA,NA,"",NA,NA,NA,NA,NA,NA,"",NA,NA
"746",NA,10,17,"wPM000","","","",NA,NA,NA,"",NA,NA,NA,NA,NA,NA,"",NA,NA
"747",NA,10,18,"wPM000","","","",NA,NA,NA,"",NA,NA,NA,NA,NA,NA,"",NA,NA
"748",NA,10,19,"wPM000","","","",NA,NA,NA,"",NA,NA,NA,NA,NA,NA,"",NA,NA
"749",NA,10,20,"wPM000","","","",NA,NA,NA,"",NA,NA,NA,NA,NA,NA,"",NA,NA
"750",NA,10,21,"wPM000","","","",NA,NA,NA,"",NA,NA,NA,NA,NA,NA,"",NA,NA
"751",NA,10,22,"wPM000","","","",NA,NA,NA,"",NA,NA,NA,NA,NA,NA,"",NA,NA
"752",NA,10,23,"wPM000","","","",NA,NA,NA,"",NA,NA,NA,NA,NA,NA,"",NA,NA
"753",NA,10,24,"wPM000","","","",NA,NA,NA,"",NA,NA,NA,NA,NA,NA,"",NA,NA
"754",NA,10,25,"wPM000","","","",NA,NA,NA,"",NA,NA,NA,NA,NA,NA,"",NA,NA
"755",NA,10,26,"wPM000","","","",NA,NA,NA,"",NA,NA,NA,NA,NA,NA,"",NA,NA
"756",NA,10,27,"wPM000","","","",NA,NA,NA,"",NA,NA,NA,NA,NA,NA,"",NA,NA
"757",NA,10,28,"wPM000","","","",NA,NA,NA,"",NA,NA,NA,NA,NA,NA,"",NA,NA
"758",NA,10,29,"wPM000","","","",NA,NA,NA,"",NA,NA,NA,NA,NA,NA,"",NA,NA
"759",NA,10,30,"wPM000","","","",NA,NA,NA,"",NA,NA,NA,NA,NA,NA,"",NA,NA
"760",NA,10,31,"wPM000","","","",NA,NA,NA,"",NA,NA,NA,NA,NA,NA,"",NA,NA
"761",NA,10,32,"wPM000","","","",NA,NA,NA,"",NA,NA,NA,NA,NA,NA,"",NA,NA
"762",NA,10,33,"wPM000","","","",NA,NA,NA,"",NA,NA,NA,NA,NA,NA,"",NA,NA
"763",NA,10,34,"wPM000","","","",NA,NA,NA,"",NA,NA,NA,NA,NA,NA,"",NA,NA
"764",NA,10,35,"wPM000","","","",NA,NA,NA,"",NA,NA,NA,NA,NA,NA,"",NA,NA
"765",NA,10,36,"wPM000","","","",NA,NA,NA,"",NA,NA,NA,NA,NA,NA,"",NA,NA
"766",NA,10,37,"wPM000","","","",NA,NA,NA,"",NA,NA,NA,NA,NA,NA,"",NA,NA
"767",NA,10,38,"wPM000","","","",NA,NA,NA,"",NA,NA,NA,NA,NA,NA,"",NA,NA
"768",NA,10,39,"wPM000","","","",NA,NA,NA,"",NA,NA,NA,NA,NA,NA,"",NA,NA
"769",NA,10,40,"wPM000","","","",NA,NA,NA,"",NA,NA,NA,NA,NA,NA,"",NA,NA
"770",NA,10,41,"wPM000","","","",NA,NA,NA,"",NA,NA,NA,NA,NA,NA,"",NA,NA
"771",NA,10,42,"wPM000","","","",NA,NA,NA,"",NA,NA,NA,NA,NA,NA,"",NA,NA
"772",NA,10,43,"wPM000","","","",NA,NA,NA,"",NA,NA,NA,NA,NA,NA,"",NA,NA
"773",NA,10,44,"wPM000","","","",NA,NA,NA,"",NA,NA,NA,NA,NA,NA,"",NA,NA
"774",NA,10,45,"wPM000","","","",NA,NA,NA,"",NA,NA,NA,NA,NA,NA,"",NA,NA
"775",NA,10,46,"wPM000","","","",NA,NA,NA,"",NA,NA,NA,NA,NA,NA,"",NA,NA
"776",NA,10,47,"wPM000","","","",NA,NA,NA,"",NA,NA,NA,NA,NA,NA,"",NA,NA
"777",NA,10,48,"wPM000","","","",NA,NA,NA,"",NA,NA,NA,NA,NA,NA,"",NA,NA
"778",NA,10,49,"wPM000","","","",NA,NA,NA,"",NA,NA,NA,NA,NA,NA,"",NA,NA
"779",NA,10,50,"wPM000","","","",NA,NA,NA,"",NA,NA,NA,NA,NA,NA,"",NA,NA
"780",NA,10,51,"wPM000","","","",NA,NA,NA,"",NA,NA,NA,NA,NA,NA,"",NA,NA
"781",NA,10,52,"wPM000","","","",NA,NA,NA,"",NA,NA,NA,NA,NA,NA,"",NA,NA
"782",NA,10,53,"wPM000","","","",NA,NA,NA,"",NA,NA,NA,NA,NA,NA,"",NA,NA
"783",NA,10,54,"wPM000","","","",NA,NA,NA,"",NA,NA,NA,NA,NA,NA,"",NA,NA
"784",NA,10,55,"wPM000","","","",NA,NA,NA,"",NA,NA,NA,NA,NA,NA,"",NA,NA
"785",NA,10,56,"wPM000","","","",NA,NA,NA,"",NA,NA,NA,NA,NA,NA,"",NA,NA
"786",NA,10,57,"wPM000","","","",NA,NA,NA,"",NA,NA,NA,NA,NA,NA,"",NA,NA
"787",NA,10,58,"wPM000","","","",NA,NA,NA,"",NA,NA,NA,NA,NA,NA,"",NA,NA
"788",NA,10,59,"wPM000","","","",NA,NA,NA,"",NA,NA,NA,NA,NA,NA,"",NA,NA
"789",NA,10,60,"wPM000","","","",NA,NA,NA,"",NA,NA,NA,NA,NA,NA,"",NA,NA
"790",NA,10,61,"wPM000","","","",NA,NA,NA,"",NA,NA,NA,NA,NA,NA,"",NA,NA
"791",NA,10,62,"wPM000","","","",NA,NA,NA,"",NA,NA,NA,NA,NA,NA,"",NA,NA
"792",NA,10,63,"wPM000","","","",NA,NA,NA,"",NA,NA,NA,NA,NA,NA,"",NA,NA
"793",NA,10,64,"wPM000","","","",NA,NA,NA,"",NA,NA,NA,NA,NA,NA,"",NA,NA
"794",NA,10,65,"wPM000","","","",NA,NA,NA,"",NA,NA,NA,NA,NA,NA,"",NA,NA
"795",NA,10,66,"wPM000","","","",NA,NA,NA,"",NA,NA,NA,NA,NA,NA,"",NA,NA
"796",NA,10,67,"wPM000","","","",NA,NA,NA,"",NA,NA,NA,NA,NA,NA,"",NA,NA
"797",NA,10,68,"wPM000","","","",NA,NA,NA,"",NA,NA,NA,NA,NA,NA,"",NA,NA
"798",NA,10,69,"wPM000","","","",NA,NA,NA,"",NA,NA,NA,NA,NA,NA,"",NA,NA
"799",NA,10,70,"wPM000","","","",NA,NA,NA,"",NA,NA,NA,NA,NA,NA,"",NA,NA
"800",NA,10,71,"wPM000","","","",NA,NA,NA,"",NA,NA,NA,NA,NA,NA,"",NA,NA
"801",NA,10,72,"wPM000","","","",NA,NA,NA,"",NA,NA,NA,NA,NA,NA,"",NA,NA
"802",NA,10,73,"wPM000","","","",NA,NA,NA,"",NA,NA,NA,NA,NA,NA,"",NA,NA
"803",NA,10,74,"wPM000","","","",NA,NA,NA,"",NA,NA,NA,NA,NA,NA,"",NA,NA
"804",NA,10,75,"wPM000","","","",NA,NA,NA,"",NA,NA,NA,NA,NA,NA,"",NA,NA
"805",NA,10,76,"wPM000","","","",NA,NA,NA,"",NA,NA,NA,NA,NA,NA,"",NA,NA
"806",NA,10,77,"wPM000","","","",NA,NA,NA,"",NA,NA,NA,NA,NA,NA,"",NA,NA
"807",NA,10,78,"wPM000","","","",NA,NA,NA,"",NA,NA,NA,NA,NA,NA,"",NA,NA
"808",NA,10,79,"wPM000","","","",NA,NA,NA,"",NA,NA,NA,NA,NA,NA,"",NA,NA
"809",NA,10,80,"wPM000","","","",NA,NA,NA,"",NA,NA,NA,NA,NA,NA,"",NA,NA
"810",NA,10,81,"wPM000","","","",NA,NA,NA,"",NA,NA,NA,NA,NA,NA,"",NA,NA
"811",NA,11,1,"wPM000","","","",NA,NA,NA,"Box",11,NA,NA,NA,NA,NA,"",NA,NA
"812",NA,11,2,"wPM000","","","",NA,NA,NA,"0",0,0,0,0,0,0,"0",0,NA
"813",NA,11,3,"wPM000","","","",NA,NA,NA,"0",0,0,0,0,0,0,"0",0,NA
"814",NA,11,4,"wPM000","","","",NA,NA,NA,"0",0,0,0,0,0,0,"0",0,NA
"815",NA,11,5,"wPM000","","","",NA,NA,NA,"0",0,0,0,0,0,0,"0",0,NA
"816",NA,11,6,"wPM000","","","",NA,NA,NA,"0",0,0,0,0,0,0,"0",0,NA
"817",NA,11,7,"wPM000","","","",NA,NA,NA,"0",0,0,0,0,0,0,"0",0,NA
"818",NA,11,8,"wPM000","","","",NA,NA,NA,"0",0,0,0,0,0,0,"0",0,NA
"819",NA,11,9,"wPM000","","","",NA,NA,NA,"0",0,0,0,0,0,0,"0",0,NA
"820",NA,11,10,"wPM000","","","",NA,NA,NA,"0",0,0,0,0,0,0,"0",0,NA
"821",NA,11,11,"wPM000","","","",NA,NA,NA,"",NA,NA,NA,NA,NA,NA,"",NA,NA
"822",NA,11,12,"wPM000","","","",NA,NA,NA,"",NA,NA,NA,NA,NA,NA,"",NA,NA
"823",NA,11,13,"wPM000","","","",NA,NA,NA,"",NA,NA,NA,NA,NA,NA,"",NA,NA
"824",NA,11,14,"wPM000","","","",NA,NA,NA,"",NA,NA,NA,NA,NA,NA,"",NA,NA
"825",NA,11,15,"wPM000","","","",NA,NA,NA,"",NA,NA,NA,NA,NA,NA,"",NA,NA
"826",NA,11,16,"wPM000","","","",NA,NA,NA,"",NA,NA,NA,NA,NA,NA,"",NA,NA
"827",NA,11,17,"wPM000","","","",NA,NA,NA,"",NA,NA,NA,NA,NA,NA,"",NA,NA
"828",NA,11,18,"wPM000","","","",NA,NA,NA,"",NA,NA,NA,NA,NA,NA,"",NA,NA
"829",NA,11,19,"wPM000","","","",NA,NA,NA,"",NA,NA,NA,NA,NA,NA,"",NA,NA
"830",NA,11,20,"wPM000","","","",NA,NA,NA,"",NA,NA,NA,NA,NA,NA,"",NA,NA
"831",NA,11,21,"wPM000","","","",NA,NA,NA,"",NA,NA,NA,NA,NA,NA,"",NA,NA
"832",NA,11,22,"wPM000","","","",NA,NA,NA,"",NA,NA,NA,NA,NA,NA,"",NA,NA
"833",NA,11,23,"wPM000","","","",NA,NA,NA,"",NA,NA,NA,NA,NA,NA,"",NA,NA
"834",NA,11,24,"wPM000","","","",NA,NA,NA,"",NA,NA,NA,NA,NA,NA,"",NA,NA
"835",NA,11,25,"wPM000","","","",NA,NA,NA,"",NA,NA,NA,NA,NA,NA,"",NA,NA
"836",NA,11,26,"wPM000","","","",NA,NA,NA,"",NA,NA,NA,NA,NA,NA,"",NA,NA
"837",NA,11,27,"wPM000","","","",NA,NA,NA,"",NA,NA,NA,NA,NA,NA,"",NA,NA
"838",NA,11,28,"wPM000","","","",NA,NA,NA,"",NA,NA,NA,NA,NA,NA,"",NA,NA
"839",NA,11,29,"wPM000","","","",NA,NA,NA,"",NA,NA,NA,NA,NA,NA,"",NA,NA
"840",NA,11,30,"wPM000","","","",NA,NA,NA,"",NA,NA,NA,NA,NA,NA,"",NA,NA
"841",NA,11,31,"wPM000","","","",NA,NA,NA,"",NA,NA,NA,NA,NA,NA,"",NA,NA
"842",NA,11,32,"wPM000","","","",NA,NA,NA,"",NA,NA,NA,NA,NA,NA,"",NA,NA
"843",NA,11,33,"wPM000","","","",NA,NA,NA,"",NA,NA,NA,NA,NA,NA,"",NA,NA
"844",NA,11,34,"wPM000","","","",NA,NA,NA,"",NA,NA,NA,NA,NA,NA,"",NA,NA
"845",NA,11,35,"wPM000","","","",NA,NA,NA,"",NA,NA,NA,NA,NA,NA,"",NA,NA
"846",NA,11,36,"wPM000","","","",NA,NA,NA,"",NA,NA,NA,NA,NA,NA,"",NA,NA
"847",NA,11,37,"wPM000","","","",NA,NA,NA,"",NA,NA,NA,NA,NA,NA,"",NA,NA
"848",NA,11,38,"wPM000","","","",NA,NA,NA,"",NA,NA,NA,NA,NA,NA,"",NA,NA
"849",NA,11,39,"wPM000","","","",NA,NA,NA,"",NA,NA,NA,NA,NA,NA,"",NA,NA
"850",NA,11,40,"wPM000","","","",NA,NA,NA,"",NA,NA,NA,NA,NA,NA,"",NA,NA
"851",NA,11,41,"wPM000","","","",NA,NA,NA,"",NA,NA,NA,NA,NA,NA,"",NA,NA
"852",NA,11,42,"wPM000","","","",NA,NA,NA,"",NA,NA,NA,NA,NA,NA,"",NA,NA
"853",NA,11,43,"wPM000","","","",NA,NA,NA,"",NA,NA,NA,NA,NA,NA,"",NA,NA
"854",NA,11,44,"wPM000","","","",NA,NA,NA,"",NA,NA,NA,NA,NA,NA,"",NA,NA
"855",NA,11,45,"wPM000","","","",NA,NA,NA,"",NA,NA,NA,NA,NA,NA,"",NA,NA
"856",NA,11,46,"wPM000","","","",NA,NA,NA,"",NA,NA,NA,NA,NA,NA,"",NA,NA
"857",NA,11,47,"wPM000","","","",NA,NA,NA,"",NA,NA,NA,NA,NA,NA,"",NA,NA
"858",NA,11,48,"wPM000","","","",NA,NA,NA,"",NA,NA,NA,NA,NA,NA,"",NA,NA
"859",NA,11,49,"wPM000","","","",NA,NA,NA,"",NA,NA,NA,NA,NA,NA,"",NA,NA
"860",NA,11,50,"wPM000","","","",NA,NA,NA,"",NA,NA,NA,NA,NA,NA,"",NA,NA
"861",NA,11,51,"wPM000","","","",NA,NA,NA,"",NA,NA,NA,NA,NA,NA,"",NA,NA
"862",NA,11,52,"wPM000","","","",NA,NA,NA,"",NA,NA,NA,NA,NA,NA,"",NA,NA
"863",NA,11,53,"wPM000","","","",NA,NA,NA,"",NA,NA,NA,NA,NA,NA,"",NA,NA
"864",NA,11,54,"wPM000","","","",NA,NA,NA,"",NA,NA,NA,NA,NA,NA,"",NA,NA
"865",NA,11,55,"wPM000","","","",NA,NA,NA,"",NA,NA,NA,NA,NA,NA,"",NA,NA
"866",NA,11,56,"wPM000","","","",NA,NA,NA,"",NA,NA,NA,NA,NA,NA,"",NA,NA
"867",NA,11,57,"wPM000","","","",NA,NA,NA,"",NA,NA,NA,NA,NA,NA,"",NA,NA
"868",NA,11,58,"wPM000","","","",NA,NA,NA,"",NA,NA,NA,NA,NA,NA,"",NA,NA
"869",NA,11,59,"wPM000","","","",NA,NA,NA,"",NA,NA,NA,NA,NA,NA,"",NA,NA
"870",NA,11,60,"wPM000","","","",NA,NA,NA,"",NA,NA,NA,NA,NA,NA,"",NA,NA
"871",NA,11,61,"wPM000","","","",NA,NA,NA,"",NA,NA,NA,NA,NA,NA,"",NA,NA
"872",NA,11,62,"wPM000","","","",NA,NA,NA,"",NA,NA,NA,NA,NA,NA,"",NA,NA
"873",NA,11,63,"wPM000","","","",NA,NA,NA,"",NA,NA,NA,NA,NA,NA,"",NA,NA
"874",NA,11,64,"wPM000","","","",NA,NA,NA,"",NA,NA,NA,NA,NA,NA,"",NA,NA
"875",NA,11,65,"wPM000","","","",NA,NA,NA,"",NA,NA,NA,NA,NA,NA,"",NA,NA
"876",NA,11,66,"wPM000","","","",NA,NA,NA,"",NA,NA,NA,NA,NA,NA,"",NA,NA
"877",NA,11,67,"wPM000","","","",NA,NA,NA,"",NA,NA,NA,NA,NA,NA,"",NA,NA
"878",NA,11,68,"wPM000","","","",NA,NA,NA,"",NA,NA,NA,NA,NA,NA,"",NA,NA
"879",NA,11,69,"wPM000","","","",NA,NA,NA,"",NA,NA,NA,NA,NA,NA,"",NA,NA
"880",NA,11,70,"wPM000","","","",NA,NA,NA,"",NA,NA,NA,NA,NA,NA,"",NA,NA
"881",NA,11,71,"wPM000","","","",NA,NA,NA,"",NA,NA,NA,NA,NA,NA,"",NA,NA
"882",NA,11,72,"wPM000","","","",NA,NA,NA,"",NA,NA,NA,NA,NA,NA,"",NA,NA
"883",NA,11,73,"wPM000","","","",NA,NA,NA,"",NA,NA,NA,NA,NA,NA,"",NA,NA
"884",NA,11,74,"wPM000","","","",NA,NA,NA,"",NA,NA,NA,NA,NA,NA,"",NA,NA
"885",NA,11,75,"wPM000","","","",NA,NA,NA,"",NA,NA,NA,NA,NA,NA,"",NA,NA
"886",NA,11,76,"wPM000","","","",NA,NA,NA,"",NA,NA,NA,NA,NA,NA,"",NA,NA
"887",NA,11,77,"wPM000","","","",NA,NA,NA,"",NA,NA,NA,NA,NA,NA,"",NA,NA
"888",NA,11,78,"wPM000","","","",NA,NA,NA,"",NA,NA,NA,NA,NA,NA,"",NA,NA
"889",NA,11,79,"wPM000","","","",NA,NA,NA,"",NA,NA,NA,NA,NA,NA,"",NA,NA
"890",NA,11,80,"wPM000","","","",NA,NA,NA,"",NA,NA,NA,NA,NA,NA,"",NA,NA
"891",NA,11,81,"wPM000","","","",NA,NA,NA,"",NA,NA,NA,NA,NA,NA,"",NA,NA
"892",NA,12,1,"wPM000","","","",NA,NA,NA,"Box",12,NA,NA,NA,NA,NA,"",NA,NA
"893",NA,12,2,"wPM000","","","",NA,NA,NA,"0",0,0,0,0,0,0,"0",0,NA
"894",NA,12,3,"wPM000","","","",NA,NA,NA,"0",0,0,0,0,0,0,"0",0,NA
"895",NA,12,4,"wPM000","","","",NA,NA,NA,"0",0,0,0,0,0,0,"0",0,NA
"896",NA,12,5,"wPM000","","","",NA,NA,NA,"0",0,0,0,0,0,0,"0",0,NA
"897",NA,12,6,"wPM000","","","",NA,NA,NA,"0",0,0,0,0,0,0,"0",0,NA
"898",NA,12,7,"wPM000","","","",NA,NA,NA,"0",0,0,0,0,0,0,"0",0,NA
"899",NA,12,8,"wPM000","","","",NA,NA,NA,"0",0,0,0,0,0,0,"0",0,NA
"900",NA,12,9,"wPM000","","","",NA,NA,NA,"0",0,0,0,0,0,0,"0",0,NA
"901",NA,12,10,"wPM000","","","",NA,NA,NA,"0",0,0,0,0,0,0,"0",0,NA
"902",NA,12,11,"wPM000","","","",NA,NA,NA,"",NA,NA,NA,NA,NA,NA,"",NA,NA
"903",NA,12,12,"wPM000","","","",NA,NA,NA,"",NA,NA,NA,NA,NA,NA,"",NA,NA
"904",NA,12,13,"wPM000","","","",NA,NA,NA,"",NA,NA,NA,NA,NA,NA,"",NA,NA
"905",NA,12,14,"wPM000","","","",NA,NA,NA,"",NA,NA,NA,NA,NA,NA,"",NA,NA
"906",NA,12,15,"wPM000","","","",NA,NA,NA,"",NA,NA,NA,NA,NA,NA,"",NA,NA
"907",NA,12,16,"wPM000","","","",NA,NA,NA,"",NA,NA,NA,NA,NA,NA,"",NA,NA
"908",NA,12,17,"wPM000","","","",NA,NA,NA,"",NA,NA,NA,NA,NA,NA,"",NA,NA
"909",NA,12,18,"wPM000","","","",NA,NA,NA,"",NA,NA,NA,NA,NA,NA,"",NA,NA
"910",NA,12,19,"wPM000","","","",NA,NA,NA,"",NA,NA,NA,NA,NA,NA,"",NA,NA
"911",NA,12,20,"wPM000","","","",NA,NA,NA,"",NA,NA,NA,NA,NA,NA,"",NA,NA
"912",NA,12,21,"wPM000","","","",NA,NA,NA,"",NA,NA,NA,NA,NA,NA,"",NA,NA
"913",NA,12,22,"wPM000","","","",NA,NA,NA,"",NA,NA,NA,NA,NA,NA,"",NA,NA
"914",NA,12,23,"wPM000","","","",NA,NA,NA,"",NA,NA,NA,NA,NA,NA,"",NA,NA
"915",NA,12,24,"wPM000","","","",NA,NA,NA,"",NA,NA,NA,NA,NA,NA,"",NA,NA
"916",NA,12,25,"wPM000","","","",NA,NA,NA,"",NA,NA,NA,NA,NA,NA,"",NA,NA
"917",NA,12,26,"wPM000","","","",NA,NA,NA,"",NA,NA,NA,NA,NA,NA,"",NA,NA
"918",NA,12,27,"wPM000","","","",NA,NA,NA,"",NA,NA,NA,NA,NA,NA,"",NA,NA
"919",NA,12,28,"wPM000","","","",NA,NA,NA,"",NA,NA,NA,NA,NA,NA,"",NA,NA
"920",NA,12,29,"wPM000","","","",NA,NA,NA,"",NA,NA,NA,NA,NA,NA,"",NA,NA
"921",NA,12,30,"wPM000","","","",NA,NA,NA,"",NA,NA,NA,NA,NA,NA,"",NA,NA
"922",NA,12,31,"wPM000","","","",NA,NA,NA,"",NA,NA,NA,NA,NA,NA,"",NA,NA
"923",NA,12,32,"wPM000","","","",NA,NA,NA,"",NA,NA,NA,NA,NA,NA,"",NA,NA
"924",NA,12,33,"wPM000","","","",NA,NA,NA,"",NA,NA,NA,NA,NA,NA,"",NA,NA
"925",NA,12,34,"wPM000","","","",NA,NA,NA,"",NA,NA,NA,NA,NA,NA,"",NA,NA
"926",NA,12,35,"wPM000","","","",NA,NA,NA,"",NA,NA,NA,NA,NA,NA,"",NA,NA
"927",NA,12,36,"wPM000","","","",NA,NA,NA,"",NA,NA,NA,NA,NA,NA,"",NA,NA
"928",NA,12,37,"wPM000","","","",NA,NA,NA,"",NA,NA,NA,NA,NA,NA,"",NA,NA
"929",NA,12,38,"wPM000","","","",NA,NA,NA,"",NA,NA,NA,NA,NA,NA,"",NA,NA
"930",NA,12,39,"wPM000","","","",NA,NA,NA,"",NA,NA,NA,NA,NA,NA,"",NA,NA
"931",NA,12,40,"wPM000","","","",NA,NA,NA,"",NA,NA,NA,NA,NA,NA,"",NA,NA
"932",NA,12,41,"wPM000","","","",NA,NA,NA,"",NA,NA,NA,NA,NA,NA,"",NA,NA
"933",NA,12,42,"wPM000","","","",NA,NA,NA,"",NA,NA,NA,NA,NA,NA,"",NA,NA
"934",NA,12,43,"wPM000","","","",NA,NA,NA,"",NA,NA,NA,NA,NA,NA,"",NA,NA
"935",NA,12,44,"wPM000","","","",NA,NA,NA,"",NA,NA,NA,NA,NA,NA,"",NA,NA
"936",NA,12,45,"wPM000","","","",NA,NA,NA,"",NA,NA,NA,NA,NA,NA,"",NA,NA
"937",NA,12,46,"wPM000","","","",NA,NA,NA,"",NA,NA,NA,NA,NA,NA,"",NA,NA
"938",NA,12,47,"wPM000","","","",NA,NA,NA,"",NA,NA,NA,NA,NA,NA,"",NA,NA
"939",NA,12,48,"wPM000","","","",NA,NA,NA,"",NA,NA,NA,NA,NA,NA,"",NA,NA
"940",NA,12,49,"wPM000","","","",NA,NA,NA,"",NA,NA,NA,NA,NA,NA,"",NA,NA
"941",NA,12,50,"wPM000","","","",NA,NA,NA,"",NA,NA,NA,NA,NA,NA,"",NA,NA
"942",NA,12,51,"wPM000","","","",NA,NA,NA,"",NA,NA,NA,NA,NA,NA,"",NA,NA
"943",NA,12,52,"wPM000","","","",NA,NA,NA,"",NA,NA,NA,NA,NA,NA,"",NA,NA
"944",NA,12,53,"wPM000","","","",NA,NA,NA,"",NA,NA,NA,NA,NA,NA,"",NA,NA
"945",NA,12,54,"wPM000","","","",NA,NA,NA,"",NA,NA,NA,NA,NA,NA,"",NA,NA
"946",NA,12,55,"wPM000","","","",NA,NA,NA,"",NA,NA,NA,NA,NA,NA,"",NA,NA
"947",NA,12,56,"wPM000","","","",NA,NA,NA,"",NA,NA,NA,NA,NA,NA,"",NA,NA
"948",NA,12,57,"wPM000","","","",NA,NA,NA,"",NA,NA,NA,NA,NA,NA,"",NA,NA
"949",NA,12,58,"wPM000","","","",NA,NA,NA,"",NA,NA,NA,NA,NA,NA,"",NA,NA
"950",NA,12,59,"wPM000","","","",NA,NA,NA,"",NA,NA,NA,NA,NA,NA,"",NA,NA
"951",NA,12,60,"wPM000","","","",NA,NA,NA,"",NA,NA,NA,NA,NA,NA,"",NA,NA
"952",NA,12,61,"wPM000","","","",NA,NA,NA,"",NA,NA,NA,NA,NA,NA,"",NA,NA
"953",NA,12,62,"wPM000","","","",NA,NA,NA,"",NA,NA,NA,NA,NA,NA,"",NA,NA
"954",NA,12,63,"wPM000","","","",NA,NA,NA,"",NA,NA,NA,NA,NA,NA,"",NA,NA
"955",NA,12,64,"wPM000","","","",NA,NA,NA,"",NA,NA,NA,NA,NA,NA,"",NA,NA
"956",NA,12,65,"wPM000","","","",NA,NA,NA,"",NA,NA,NA,NA,NA,NA,"",NA,NA
"957",NA,12,66,"wPM000","","","",NA,NA,NA,"",NA,NA,NA,NA,NA,NA,"",NA,NA
"958",NA,12,67,"wPM000","","","",NA,NA,NA,"",NA,NA,NA,NA,NA,NA,"",NA,NA
"959",NA,12,68,"wPM000","","","",NA,NA,NA,"",NA,NA,NA,NA,NA,NA,"",NA,NA
"960",NA,12,69,"wPM000","","","",NA,NA,NA,"",NA,NA,NA,NA,NA,NA,"",NA,NA
"961",NA,12,70,"wPM000","","","",NA,NA,NA,"",NA,NA,NA,NA,NA,NA,"",NA,NA
"962",NA,12,71,"wPM000","","","",NA,NA,NA,"",NA,NA,NA,NA,NA,NA,"",NA,NA
"963",NA,12,72,"wPM000","","","",NA,NA,NA,"",NA,NA,NA,NA,NA,NA,"",NA,NA
"964",NA,12,73,"wPM000","","","",NA,NA,NA,"",NA,NA,NA,NA,NA,NA,"",NA,NA
"965",NA,12,74,"wPM000","","","",NA,NA,NA,"",NA,NA,NA,NA,NA,NA,"",NA,NA
"966",NA,12,75,"wPM000","","","",NA,NA,NA,"",NA,NA,NA,NA,NA,NA,"",NA,NA
"967",NA,12,76,"wPM000","","","",NA,NA,NA,"",NA,NA,NA,NA,NA,NA,"",NA,NA
"968",NA,12,77,"wPM000","","","",NA,NA,NA,"",NA,NA,NA,NA,NA,NA,"",NA,NA
"969",NA,12,78,"wPM000","","","",NA,NA,NA,"",NA,NA,NA,NA,NA,NA,"",NA,NA
"970",NA,12,79,"wPM000","","","",NA,NA,NA,"",NA,NA,NA,NA,NA,NA,"",NA,NA
"971",NA,12,80,"wPM000","","","",NA,NA,NA,"",NA,NA,NA,NA,NA,NA,"",NA,NA
"972",NA,12,81,"wPM000","","","",NA,NA,NA,"",NA,NA,NA,NA,NA,NA,"",NA,NA
"973",NA,13,1,"wPM000","","","",NA,NA,NA,"Box",13,NA,NA,NA,NA,NA,"",NA,NA
"974",NA,13,2,"wPM000","","","",NA,NA,NA,"0",0,0,0,0,0,0,"0",0,NA
"975",NA,13,3,"wPM000","","","",NA,NA,NA,"0",0,0,0,0,0,0,"0",0,NA
"976",NA,13,4,"wPM000","","","",NA,NA,NA,"0",0,0,0,0,0,0,"0",0,NA
"977",NA,13,5,"wPM000","","","",NA,NA,NA,"0",0,0,0,0,0,0,"0",0,NA
"978",NA,13,6,"wPM000","","","",NA,NA,NA,"0",0,0,0,0,0,0,"0",0,NA
"979",NA,13,7,"wPM000","","","",NA,NA,NA,"0",0,0,0,0,0,0,"0",0,NA
"980",NA,13,8,"wPM000","","","",NA,NA,NA,"0",0,0,0,0,0,0,"0",0,NA
"981",NA,13,9,"wPM000","","","",NA,NA,NA,"0",0,0,0,0,0,0,"0",0,NA
"982",NA,13,10,"wPM000","","","",NA,NA,NA,"0",0,0,0,0,0,0,"0",0,NA
"983",NA,13,11,"wPM000","","","",NA,NA,NA,"",NA,NA,NA,NA,NA,NA,"",NA,NA
"984",NA,13,12,"wPM000","","","",NA,NA,NA,"",NA,NA,NA,NA,NA,NA,"",NA,NA
"985",NA,13,13,"wPM000","","","",NA,NA,NA,"",NA,NA,NA,NA,NA,NA,"",NA,NA
"986",NA,13,14,"wPM000","","","",NA,NA,NA,"",NA,NA,NA,NA,NA,NA,"",NA,NA
"987",NA,13,15,"wPM000","","","",NA,NA,NA,"",NA,NA,NA,NA,NA,NA,"",NA,NA
"988",NA,13,16,"wPM000","","","",NA,NA,NA,"",NA,NA,NA,NA,NA,NA,"",NA,NA
"989",NA,13,17,"wPM000","","","",NA,NA,NA,"",NA,NA,NA,NA,NA,NA,"",NA,NA
"990",NA,13,18,"wPM000","","","",NA,NA,NA,"",NA,NA,NA,NA,NA,NA,"",NA,NA
"991",NA,13,19,"wPM000","","","",NA,NA,NA,"",NA,NA,NA,NA,NA,NA,"",NA,NA
"992",NA,13,20,"wPM000","","","",NA,NA,NA,"",NA,NA,NA,NA,NA,NA,"",NA,NA
"993",NA,13,21,"wPM000","","","",NA,NA,NA,"",NA,NA,NA,NA,NA,NA,"",NA,NA
"994",NA,13,22,"wPM000","","","",NA,NA,NA,"",NA,NA,NA,NA,NA,NA,"",NA,NA
"995",NA,13,23,"wPM000","","","",NA,NA,NA,"",NA,NA,NA,NA,NA,NA,"",NA,NA
"996",NA,13,24,"wPM000","","","",NA,NA,NA,"",NA,NA,NA,NA,NA,NA,"",NA,NA
"997",NA,13,25,"wPM000","","","",NA,NA,NA,"",NA,NA,NA,NA,NA,NA,"",NA,NA
"998",NA,13,26,"wPM000","","","",NA,NA,NA,"",NA,NA,NA,NA,NA,NA,"",NA,NA
"999",NA,13,27,"wPM000","","","",NA,NA,NA,"",NA,NA,NA,NA,NA,NA,"",NA,NA
"1000",NA,13,28,"wPM000","","","",NA,NA,NA,"",NA,NA,NA,NA,NA,NA,"",NA,NA
"1001",NA,13,29,"wPM000","","","",NA,NA,NA,"",NA,NA,NA,NA,NA,NA,"",NA,NA
"1002",NA,13,30,"wPM000","","","",NA,NA,NA,"",NA,NA,NA,NA,NA,NA,"",NA,NA
"1003",NA,13,31,"wPM000","","","",NA,NA,NA,"",NA,NA,NA,NA,NA,NA,"",NA,NA
"1004",NA,13,32,"wPM000","","","",NA,NA,NA,"",NA,NA,NA,NA,NA,NA,"",NA,NA
"1005",NA,13,33,"wPM000","","","",NA,NA,NA,"",NA,NA,NA,NA,NA,NA,"",NA,NA
"1006",NA,13,34,"wPM000","","","",NA,NA,NA,"",NA,NA,NA,NA,NA,NA,"",NA,NA
"1007",NA,13,35,"wPM000","","","",NA,NA,NA,"",NA,NA,NA,NA,NA,NA,"",NA,NA
"1008",NA,13,36,"wPM000","","","",NA,NA,NA,"",NA,NA,NA,NA,NA,NA,"",NA,NA
"1009",NA,13,37,"wPM000","","","",NA,NA,NA,"",NA,NA,NA,NA,NA,NA,"",NA,NA
"1010",NA,13,38,"wPM000","","","",NA,NA,NA,"",NA,NA,NA,NA,NA,NA,"",NA,NA
"1011",NA,13,39,"wPM000","","","",NA,NA,NA,"",NA,NA,NA,NA,NA,NA,"",NA,NA
"1012",NA,13,40,"wPM000","","","",NA,NA,NA,"",NA,NA,NA,NA,NA,NA,"",NA,NA
"1013",NA,13,41,"wPM000","","","",NA,NA,NA,"",NA,NA,NA,NA,NA,NA,"",NA,NA
"1014",NA,13,42,"wPM000","","","",NA,NA,NA,"",NA,NA,NA,NA,NA,NA,"",NA,NA
"1015",NA,13,43,"wPM000","","","",NA,NA,NA,"",NA,NA,NA,NA,NA,NA,"",NA,NA
"1016",NA,13,44,"wPM000","","","",NA,NA,NA,"",NA,NA,NA,NA,NA,NA,"",NA,NA
"1017",NA,13,45,"wPM000","","","",NA,NA,NA,"",NA,NA,NA,NA,NA,NA,"",NA,NA
"1018",NA,13,46,"wPM000","","","",NA,NA,NA,"",NA,NA,NA,NA,NA,NA,"",NA,NA
"1019",NA,13,47,"wPM000","","","",NA,NA,NA,"",NA,NA,NA,NA,NA,NA,"",NA,NA
"1020",NA,13,48,"wPM000","","","",NA,NA,NA,"",NA,NA,NA,NA,NA,NA,"",NA,NA
"1021",NA,13,49,"wPM000","","","",NA,NA,NA,"",NA,NA,NA,NA,NA,NA,"",NA,NA
"1022",NA,13,50,"wPM000","","","",NA,NA,NA,"",NA,NA,NA,NA,NA,NA,"",NA,NA
"1023",NA,13,51,"wPM000","","","",NA,NA,NA,"",NA,NA,NA,NA,NA,NA,"",NA,NA
"1024",NA,13,52,"wPM000","","","",NA,NA,NA,"",NA,NA,NA,NA,NA,NA,"",NA,NA
"1025",NA,13,53,"wPM000","","","",NA,NA,NA,"",NA,NA,NA,NA,NA,NA,"",NA,NA
"1026",NA,13,54,"wPM000","","","",NA,NA,NA,"",NA,NA,NA,NA,NA,NA,"",NA,NA
"1027",NA,13,55,"wPM000","","","",NA,NA,NA,"",NA,NA,NA,NA,NA,NA,"",NA,NA
"1028",NA,13,56,"wPM000","","","",NA,NA,NA,"",NA,NA,NA,NA,NA,NA,"",NA,NA
"1029",NA,13,57,"wPM000","","","",NA,NA,NA,"",NA,NA,NA,NA,NA,NA,"",NA,NA
"1030",NA,13,58,"wPM000","","","",NA,NA,NA,"",NA,NA,NA,NA,NA,NA,"",NA,NA
"1031",NA,13,59,"wPM000","","","",NA,NA,NA,"",NA,NA,NA,NA,NA,NA,"",NA,NA
"1032",NA,13,60,"wPM000","","","",NA,NA,NA,"",NA,NA,NA,NA,NA,NA,"",NA,NA
"1033",NA,13,61,"wPM000","","","",NA,NA,NA,"",NA,NA,NA,NA,NA,NA,"",NA,NA
"1034",NA,13,62,"wPM000","","","",NA,NA,NA,"",NA,NA,NA,NA,NA,NA,"",NA,NA
"1035",NA,13,63,"wPM000","","","",NA,NA,NA,"",NA,NA,NA,NA,NA,NA,"",NA,NA
"1036",NA,13,64,"wPM000","","","",NA,NA,NA,"",NA,NA,NA,NA,NA,NA,"",NA,NA
"1037",NA,13,65,"wPM000","","","",NA,NA,NA,"",NA,NA,NA,NA,NA,NA,"",NA,NA
"1038",NA,13,66,"wPM000","","","",NA,NA,NA,"",NA,NA,NA,NA,NA,NA,"",NA,NA
"1039",NA,13,67,"wPM000","","","",NA,NA,NA,"",NA,NA,NA,NA,NA,NA,"",NA,NA
"1040",NA,13,68,"wPM000","","","",NA,NA,NA,"",NA,NA,NA,NA,NA,NA,"",NA,NA
"1041",NA,13,69,"wPM000","","","",NA,NA,NA,"",NA,NA,NA,NA,NA,NA,"",NA,NA
"1042",NA,13,70,"wPM000","","","",NA,NA,NA,"",NA,NA,NA,NA,NA,NA,"",NA,NA
"1043",NA,13,71,"wPM000","","","",NA,NA,NA,"",NA,NA,NA,NA,NA,NA,"",NA,NA
"1044",NA,13,72,"wPM000","","","",NA,NA,NA,"",NA,NA,NA,NA,NA,NA,"",NA,NA
"1045",NA,13,73,"wPM000","","","",NA,NA,NA,"",NA,NA,NA,NA,NA,NA,"",NA,NA
"1046",NA,13,74,"wPM000","","","",NA,NA,NA,"",NA,NA,NA,NA,NA,NA,"",NA,NA
"1047",NA,13,75,"wPM000","","","",NA,NA,NA,"",NA,NA,NA,NA,NA,NA,"",NA,NA
"1048",NA,13,76,"wPM000","","","",NA,NA,NA,"",NA,NA,NA,NA,NA,NA,"",NA,NA
"1049",NA,13,77,"wPM000","","","",NA,NA,NA,"",NA,NA,NA,NA,NA,NA,"",NA,NA
"1050",NA,13,78,"wPM000","","","",NA,NA,NA,"",NA,NA,NA,NA,NA,NA,"",NA,NA
"1051",NA,13,79,"wPM000","","","",NA,NA,NA,"",NA,NA,NA,NA,NA,NA,"",NA,NA
"1052",NA,13,80,"wPM000","","","",NA,NA,NA,"",NA,NA,NA,NA,NA,NA,"",NA,NA
"1053",NA,13,81,"wPM000","","","",NA,NA,NA,"",NA,NA,NA,NA,NA,NA,"",NA,NA
