"","chronological","Strain","Box","Position","receivedFrom","tubesNeeded","dateReceived","dateFrozen","frozenBy","dateTested","testedBy","alive","II.in.LN2","III.in.LN2","IV.in..80","duplicates","Benchling","refreeze","retest","alive.1","refreeze.1","retest.1","alive.2","X","X.1","beingFrozen","X.2","X.3","X.4"
"1",1,8,1,8,"ND","ND","autumn 2016","2016-12-23","Jenny Semple","2016-12-27","Jenny Semple","Y","Y","y","Y","Y","January 2016","","","","","","",NA,NA,NA,NA,NA,NA
"2",2,64,1,64,"ND","ND","autumn 2016","2016-10-28","Jenny Semple","2016-12-27","Jenny Semple","Y","Y","Y","Y","","January 2016","","","","","","",NA,NA,NA,NA,NA,NA
"3",3,182,3,20,"ND","ND","autumn 2016","2016-12-12","Jenny Semple","2016-12-27","Jenny Semple","Y","Y","Y","Y","","January 2016","","","","","","",NA,NA,NA,NA,NA,NA
"4",4,253,4,10,"ND","ND","autumn 2016","autumn 2016","Jenny Semple","autumn 2016","Jenny Semple","Y","Y","y","Y","Y","January 2016","","","","","","",NA,NA,NA,NA,NA,NA
"5",5,293,4,50,"ND","ND","autumn 2016","autumn 2016","Jenny Semple","autumn 2016","Jenny Semple","Y","Y","y","Y","Y","January 2016","","","","","","",NA,NA,NA,NA,NA,NA
"6",6,312,4,69,"ND","ND","autumn 2016","2016-12-09","Jenny Semple","2016-12-27","Jenny Semple","Y","y","Y","Y","Y","January 2016","","","","","","",NA,NA,NA,NA,NA,NA
"7",7,313,4,70,"ND","ND","autumn 2016","autumn 2016","Jenny Semple","autumn 2016","Jenny Semple","Y","y","y","Y","Y","January 2016","","","","","","",NA,NA,NA,NA,NA,NA
"8",8,314,4,71,"ND","ND","autumn 2016","autumn 2016","Jenny Semple","autumn 2016","Jenny Semple","Y","y","y","Y","Y","January 2016","","","","","","",NA,NA,NA,NA,NA,NA
"9",9,314,4,71,"ND","ND","autumn 2016","autumn 2016","Jenny Semple","autumn 2016","Jenny Semple","Y","Y","Y","Y","","January 2016","","","","","","",NA,NA,NA,NA,NA,NA
"10",10,405,6,0,"ND","ND","autumn 2016","2016-11-25","Jenny Semple","2016-12-27","Jenny Semple","Y","y","Y","Y","Y","January 2016","","","","","","",NA,NA,NA,NA,NA,NA
"11",11,450,6,45,"ND","ND","autumn 2016","2016-11-25","Jenny Semple","2016-12-27","Jenny Semple","Y","Y","Y","Y","","January 2016","","","","","","",NA,NA,NA,NA,NA,NA
"12",12,452,6,47,"ND","ND","autumn 2016","autumn 2016","Jenny Semple","autumn 2016","Jenny Semple","Y","Y","Y","Y","","January 2016","","","","","","",NA,NA,NA,NA,NA,NA
"13",13,453,6,48,"ND","ND","autumn 2016","2016-11-29","Jenny Semple","2016-12-27","Jenny Semple","Y","y","Y","Y","Y","January 2016","","","","","","",NA,NA,NA,NA,NA,NA
"14",14,473,6,68,"ND","ND","autumn 2016","2016-12-20","Jenny Semple","2016-12-27","Jenny Semple","Y","Y","Y","Y","","January 2016","","","","","","",NA,NA,NA,NA,NA,NA
"15",15,479,6,74,"ND","ND","autumn 2016","autumn 2016","Jenny Semple","autumn 2016","Jenny Semple","Y","y","y","Y","Y","January 2016","","","","","","",NA,NA,NA,NA,NA,NA
"16",16,482,6,77,"ND","ND","autumn 2016","autumn 2016","Jenny Semple","autumn 2016","Jenny Semple","Y","y","y","Y","Y","January 2016","","","","","","",NA,NA,NA,NA,NA,NA
"17",17,495,7,9,"ND","ND","autumn 2016","2016-12-23","Jenny Semple","2016-12-27","Jenny Semple","Y","y","Y","Y","Y","January 2016","","","","","","",NA,NA,NA,NA,NA,NA
"18",18,497,7,11,"ND","ND","autumn 2016","autumn 2016","Jenny Semple","autumn 2016","Jenny Semple","Y","Y","y","Y","Y","January 2016","","","","","","",NA,NA,NA,NA,NA,NA
"19",19,501,7,15,"ND","ND","autumn 2016","autumn 2016","Jenny Semple","autumn 2016","Jenny Semple","Y","y","Y","Y","Y","January 2016","","","","","","",NA,NA,NA,NA,NA,NA
"20",20,530,7,44,"ND","ND","autumn 2016","autumn 2016","Jenny Semple","autumn 2016","Jenny Semple","Y","y","y","Y","Y","January 2016","","","","","","",NA,NA,NA,NA,NA,NA
"21",21,531,7,45,"ND","ND","autumn 2016","autumn 2016","Jenny Semple","autumn 2016","Jenny Semple","Y","Y","Y","Y","","January 2016","","","","","","",NA,NA,NA,NA,NA,NA
"22",22,537,7,51,"Francesca","ND","autumn 2016","autumn 2016","Jenny Semple","autumn 2016","Jenny Semple","Y","Y","Y","Y","","January 2016","","","","","","",NA,NA,NA,NA,NA,NA
"23",23,538,7,52,"Francesca","ND","autumn 2016","2016-11-29","Jenny Semple","2016-12-27","Jenny Semple","Y","Y","Y","Y","","January 2016","","","","","","",NA,NA,NA,NA,NA,NA
"24",24,540,7,54,"ND","ND","autumn 2016","autumn 2016","Jenny Semple","autumn 2016","Jenny Semple","Y","Y","Y","Y","","January 2016","","","","","","",NA,NA,NA,NA,NA,NA
"25",25,541,7,55,"ND","ND","autumn 2016","2016-11-28","Jenny Semple","2016-12-27","Jenny Semple","Y","Y","Y","Y","","January 2016","","","","","","",NA,NA,NA,NA,NA,NA
"26",26,542,7,56,"ND","ND","autumn 2016","autumn 2016","Jenny Semple","autumn 2016","Jenny Semple","Y","Y","Y","Y","","January 2016","","","","","","",NA,NA,NA,NA,NA,NA
"27",27,543,7,57,"ND","ND","autumn 2016","2016-12-03","Jenny Semple","2016-12-27","Jenny Semple","Y","Y","Y","Y","","January 2016","","","","","","",NA,NA,NA,NA,NA,NA
"28",28,544,7,58,"ND","ND","autumn 2016","2016-12-12","Jenny Semple","2016-12-27","Jenny Semple","Y","Y","Y","Y","","January 2016","","","","","","",NA,NA,NA,NA,NA,NA
"29",29,545,7,59,"ND","ND","autumn 2016","2016-12-20","Jenny Semple","2016-12-27","Jenny Semple","Y","Y","Y","Y","","January 2016","","","","","","",NA,NA,NA,NA,NA,NA
"30",30,547,7,61,"ND","ND","autumn 2016","2016-12-20","Jenny Semple","2016-12-27","Jenny Semple","Y","Y","Y","Y","","January 2016","","","","","","",NA,NA,NA,NA,NA,NA
"31",31,548,7,62,"ND","ND","autumn 2016","2016-12-21","Jenny Semple","2016-12-27","Jenny Semple","Y","Y","Y","Y","","January 2016","","","","","","",NA,NA,NA,NA,NA,NA
"32",32,549,7,63,"ND","ND","autumn 2016","2016-12-22","Jenny Semple","2016-12-27","Jenny Semple","Y","Y","Y","Y","","January 2016","","","","","","",NA,NA,NA,NA,NA,NA
"33",33,550,7,64,"ND","ND","autumn 2016","2016-12-23","Jenny Semple","2016-12-27","Jenny Semple","Y","Y","Y","Y","","January 2016","","","","","","",NA,NA,NA,NA,NA,NA
"34",34,128,2,47,"Suyog","ND","2017-03-15","2017-03-15","Jenny Semple","2017-03-17","Jenny Semple","y","y","y","y","Y","2017-02-23","","","","","","",NA,NA,NA,NA,NA,NA
"35",35,157,2,76,"Peter","ND","2017-03-23","2017-03-02","Jenny Semple","2017-03-02","Jenny Semple","y","y","y","y","Y","2017-02-23","","","","","","",NA,NA,NA,NA,NA,NA
"36",36,262,4,19,"Francesca","ND","2017-01-23","2017-02-01","Jenny Semple","2017-02-03","Jenny Semple","y","y","y","y","Y","2017-02-23","","","","","","",NA,NA,NA,NA,NA,NA
"37",37,264,4,21,"Francesca","ND","2017-01-23","2017-02-01","Jenny Semple","2017-02-03","Jenny Semple","y","y","y","y","Y","2017-02-23","","","","","","",NA,NA,NA,NA,NA,NA
"38",38,392,5,68,"Francesca","ND","2017-02-01","2017-02-10","Jenny Semple","2017-03-17","Jenny Semple","y","y","y","y","Y","2017-02-23","","","","","","",NA,NA,NA,NA,NA,NA
"39",39,528,7,42,"Julie","ND","2017-01-23","2017-01-26","Jenny Semple","2017-02-03","Jenny Semple","y","y","y","y","","2017-02-23","","","","","","",NA,NA,NA,NA,NA,NA
"40",40,539,7,53,"Julie","ND","2017-01-23","2017-02-01","Jenny Semple","2017-02-03","Jenny Semple","y","y","y","y","","2017-02-23","","","","","","",NA,NA,NA,NA,NA,NA
"41",41,546,7,60,"Adriana?","ND","ND","ND","Jenny Semple","ND","Jenny Semple","y","y","y","y","","2017-02-23","","","","","","",NA,NA,NA,NA,NA,NA
"42",42,551,7,65,"Adriana ","ND","2017-02-09","2017-02-09","Jenny Semple","2017-03-17","Jenny Semple","y","y","y","y","","2017-02-23","","","","","","",NA,NA,NA,NA,NA,NA
"43",43,552,7,66,"Francesca","ND","2017-02-10","2017-03-27","Jenny Semple","2017-03-17","Jenny Semple","y","y","y","y","","2017-02-23","","","","","","",NA,NA,NA,NA,NA,NA
"44",44,553,7,67,"Francesca","ND","2017-02-01","2017-02-07","Jenny Semple","2017-03-17","Jenny Semple","y","y","y","y","","2017-02-23","","","","","","",NA,NA,NA,NA,NA,NA
"45",45,554,7,68,"Francesca","ND","2017-02-01","2017-02-07","Jenny Semple","2017-03-17","Jenny Semple","y","y","y","y","","2017-02-23","","","","","","",NA,NA,NA,NA,NA,NA
"46",46,555,7,69,"Adriana","ND","2017-02-09","2017-02-09","Jenny Semple","2017-03-17","Jenny Semple","y","y","y","y","","2017-02-23","","","","","","",NA,NA,NA,NA,NA,NA
"47",47,557,7,71,"Adriana","ND","2017-02-21","2017-02-27","Jenny Semple","2017-03-17","Jenny Semple","y","y","y","y","","2017-02-23","","","","","","",NA,NA,NA,NA,NA,NA
"48",48,558,7,72,"Francesca","ND","2017-02-21","2017-02-23","Jenny Semple","2017-03-17","Jenny Semple","y","y","y","y","","2017-02-23","","","","","","",NA,NA,NA,NA,NA,NA
"49",49,559,7,73,"Francesca","ND","2017-02-21","2017-02-23","Jenny Semple","2017-03-17","Jenny Semple","y","y","y","y","","2017-02-23","","","","","","",NA,NA,NA,NA,NA,NA
"50",50,560,7,74,"ND","ND","ND","2017-03-07","Jenny Semple","2017-03-17","Jenny Semple","y","y","y","y","","2017-02-23","","","","","","",NA,NA,NA,NA,NA,NA
"51",51,561,7,75,"Francesca","ND","2017-02-23","ND","Jenny Semple","2017-03-17","Jenny Semple","y","y","y","y","","2017-02-23","","","","","","",NA,NA,NA,NA,NA,NA
"52",52,562,7,76,"Jenny","ND","2017-02-21","2017-03-07","Jenny Semple","2017-03-17","Jenny Semple","y","y","y","y","","2017-02-23","","","","","","",NA,NA,NA,NA,NA,NA
"53",53,563,7,77,"Jenny","ND","2017-02-21","2017-03-06","Jenny Semple","2017-03-17","Jenny Semple","y","y","y","y","","2017-02-23","","","","","","",NA,NA,NA,NA,NA,NA
"54",54,564,7,78,"Jenny","ND","2017-02-21","2017-03-06","Jenny Semple","2017-03-17","Jenny Semple","y","y","y","y","","2017-02-23","","","","","","",NA,NA,NA,NA,NA,NA
"55",55,565,7,79,"Jenny","ND","2017-02-21","2017-03-06","Jenny Semple","2017-03-17","Jenny Semple","y","y","y","y","","2017-02-23","","","","","","",NA,NA,NA,NA,NA,NA
"56",56,566,7,80,"Jenny","ND","2017-02-21","2017-03-06","Jenny Semple","2017-03-17","Jenny Semple","y","y","y","y","","2017-02-23","","","","","","",NA,NA,NA,NA,NA,NA
"57",57,567,8,0,"Jenny","ND","2017-02-21","2017-03-06","Jenny Semple","2017-03-17","Jenny Semple","y","y","y","y","","2017-02-23","","","","","","",NA,NA,NA,NA,NA,NA
"58",58,568,8,1,"Jenny","ND","2017-02-21","2017-03-07","Jenny Semple","2017-03-17","Jenny Semple","y","y","y","y","","2017-02-23","","","","","","",NA,NA,NA,NA,NA,NA
"59",59,569,8,2,"Jenny","ND","2017-02-21","2017-03-10","Jenny Semple","2017-03-17","Jenny Semple","y","y","y","y","","2017-02-23","","","","","","",NA,NA,NA,NA,NA,NA
"60",60,570,8,3,"ND","ND","ND","2017-03-07","Jenny Semple","2017-03-17","Jenny Semple","y","y","y","y","","2017-02-23","","","","","","",NA,NA,NA,NA,NA,NA
"61",61,571,8,4,"ND","ND","ND","2017-03-06","Jenny Semple","2017-03-17","Jenny Semple","y","y","y","y","","2017-02-23","","","","","","",NA,NA,NA,NA,NA,NA
"62",62,572,8,5,"ND","ND","ND","2017-03-06","Jenny Semple","2017-03-17","Jenny Semple","y","y","y","y","","2017-02-23","","","","","","",NA,NA,NA,NA,NA,NA
"63",63,573,8,6,"ND","ND","ND","2017-03-06","Jenny Semple","2017-03-17","Jenny Semple","y","y","y","y","","2017-02-23","","","","","","",NA,NA,NA,NA,NA,NA
"64",64,574,8,7,"ND","ND","ND","2017-03-07","Jenny Semple","2017-03-17","Jenny Semple","y","y","y","y","","2017-02-23","","","","","","",NA,NA,NA,NA,NA,NA
"65",65,575,8,8,"ND","ND","ND","2017-03-07","Jenny Semple","2017-03-17","Jenny Semple","y","y","y","y","","2017-02-23","","","","","","",NA,NA,NA,NA,NA,NA
"66",66,556,7,70,"Alisha","ND","2017-03-15","2017-03-17","Jenny Semple","2017-04-21","Jenny Semple","(few)","y","y","y","y","2017-04-26","2017-05-02","2017-05-12","N","2017-05-24","2017-06-01","y",NA,NA,NA,NA,NA,NA
"67",67,577,8,10,"Alisha","ND","2017-03-15","2017-03-21","Jenny Semple","2017-04-21","Jenny Semple","y","y","y","y","","2017-04-26","","","","","","",NA,NA,NA,NA,NA,NA
"68",68,578,8,11,"Francesca","all","2017-03-23","2017-04-05","Jenny Semple","2017-04-21","Jenny Semple","y","y","y","y","","2017-04-26","","","","","","",NA,NA,NA,NA,NA,NA
"69",69,366,5,42,"Jenny","IV,III","2017-03-21","2017-03-30","Jenny Semple","2017-04-21","Jenny Semple","y","y","y","y","","2017-04-26","","","","","","",NA,NA,NA,NA,NA,NA
"70",70,513,7,27,"Julie","all","0ct 2016","2017-04-27","Jenny Semple","2017-05-12","Jenny Semple","y","y","y","y","","2017-06-02","","","","","","",NA,NA,NA,NA,NA,NA
"71",71,580,8,13,"Francesca","all","2027-03-30","2017-04-04","Jenny Semple","2017-04-21","Jenny Semple","y","y","y","y","","2017-04-26","","","","","","",NA,NA,NA,NA,NA,NA
"72",72,576,8,9,"Adriana","all","2017-03-30","2017-03-30","Jenny Semple","2017-04-21","Jenny Semple","y","y","y","y","","2017-04-26","","","","","","",NA,NA,NA,NA,NA,NA
"73",73,585,8,18,"Julian","all","2017-04-06","2017-04-06","Jenny Semple","2017-04-21","Jenny Semple","y","y","y","y","","2017-04-26","","","","","","",NA,NA,NA,NA,NA,NA
"74",74,582,8,15,"Julian","all","2017-04-07","2017-04-13","Jenny Semple","2017-04-21","Jenny Semple","y","y","y","y","","2017-04-26","","","","","","",NA,NA,NA,NA,NA,NA
"75",75,588,8,21,"Suyog","all","2017-04-07","2017-04-13","Jenny Semple","2017-04-21","Jenny Semple","y","y","y","y","","2017-04-26","","","","","","",NA,NA,NA,NA,NA,NA
"76",76,583,8,16,"Julian","all","2017-04-07","2017-04-13","Jenny Semple","2017-04-21","Jenny Semple","y","y","y","y","","2017-04-26","","","","","","",NA,NA,NA,NA,NA,NA
"77",77,584,8,17,"Julian","all","2017-04-07","2017-04-13","Jenny Semple","2017-04-21","Jenny Semple","y","y","y","y","","2017-04-26","","","","","","",NA,NA,NA,NA,NA,NA
"78",78,581,8,14,"Francesca","all","2017-04-10","2017-04-21","Jenny Semple","2017-05-12","Jenny Semple","y","y","y","y","","2017-06-02","","","","","","",NA,NA,NA,NA,NA,NA
"79",79,589,8,22,"Francesca","all","2017-04-10","2017-04-18","Jenny Semple","2017-04-21","Jenny Semple","y","y","y","y","","2017-04-26","","","","","","",NA,NA,NA,NA,NA,NA
"80",80,590,8,23,"Francesca","all","2017-04-10","2017-04-19","Jenny Semple","2017-04-21","Jenny Semple","y","y","y","y","","2017-04-26","","","","","","",NA,NA,NA,NA,NA,NA
"81",81,599,8,32,"Francesca","all","2017-04-19","2017-04-25","Jenny Semple","2017-05-12","Jenny Semple","N","y","y","y","","2017-06-02","","","","","","",NA,NA,NA,NA,NA,NA
"82",82,591,8,24,"Francesca","all","2017-04-24","2017-05-01","Jenny Semple","2017-05-12","Jenny Semple","y","y","y","y","","2017-06-02","","","","","","",NA,NA,NA,NA,NA,NA
"83",83,592,8,25,"Francesca","all","2017-04-24","2017-05-01","Jenny Semple","2017-05-12","Jenny Semple","y","y","y","y","","2017-06-02","","","","","","",NA,NA,NA,NA,NA,NA
"84",84,600,8,33,"Francesca","all","2017-04-24","2017-05-01","Jenny Semple","2017-05-12","Jenny Semple","y","y","y","y","","2017-06-02","","","","","","",NA,NA,NA,NA,NA,NA
"85",85,614,8,47,"Francesca","all","2017-04-28","2017-05-05","Jenny Semple","2017-05-12","Jenny Semple","y","y","y","y","","2017-06-02","","","","","","",NA,NA,NA,NA,NA,NA
"86",86,618,8,51,"Imre","all","2017-04-28","2017-05-10","Jenny Semple","2017-05-12","Jenny Semple","y","y","y","y","","2017-06-02","","","","","","",NA,NA,NA,NA,NA,NA
"87",87,597,8,30,"Julian","all","2017-05-02","2017-05-02","Jenny Semple","2017-05-12","Jenny Semple","y","y","y","y","","2017-06-02","","","","","","",NA,NA,NA,NA,NA,NA
"88",88,613,8,46,"Francesca","all","2017-05-03","2017-05-11","Jenny Semple","2017-06-01","Jenny Semple","y","y","y","y","","2017-06-02","","","","","","",NA,NA,NA,NA,NA,NA
"89",89,374,5,50,"Francesca","all","2017-05-03","2017-05-10","Jenny Semple","2017-05-12","Jenny Semple","y","y","y","y","y","2017-06-02","","","","","","",NA,NA,NA,NA,NA,NA
"90",90,593,8,26,"Julian","all","2017-05-08","2017-05-08","Jenny Semple","2017-05-12","Jenny Semple","y","y","y","y","","2017-06-02","","","","","","",NA,NA,NA,NA,NA,NA
"91",91,594,8,27,"Julian","all","2017-05-08","2017-05-08","Jenny Semple","2017-05-12","Jenny Semple","y","y","y","y","","2017-06-02","","","","","","",NA,NA,NA,NA,NA,NA
"92",92,596,8,29,"Julian","all","2017-05-08","2017-05-08","Jenny Semple","2017-05-12","Jenny Semple","y","y","y","y","","2017-06-02","","","","","","",NA,NA,NA,NA,NA,NA
"93",93,598,8,31,"Julian","all","2017-05-08","2017-05-08","Jenny Semple","2017-05-12","Jenny Semple","y","y","y","y","","2017-06-02","","","","","","",NA,NA,NA,NA,NA,NA
"94",94,601,8,34,"Julian","all","2017-05-09","2017-05-24","Jenny Semple","2017-06-01","Jenny Semple","y","y","y","y","","2017-06-02","","","","","","",NA,NA,NA,NA,NA,NA
"95",95,603,8,36,"Julian","all","2017-05-09","2017-05-24","Jenny Semple","2017-06-01","Jenny Semple","y","y","y","y","","2017-06-02","","","","","","",NA,NA,NA,NA,NA,NA
"96",96,604,8,37,"Julian","all","2017-05-09","2017-05-24","Jenny Semple","2017-06-01","Jenny Semple","y","y","y","y","","2017-06-02","","","","","","",NA,NA,NA,NA,NA,NA
"97",97,620,8,53,"Suyog","all","2017-05-10","2017-05-10","Jenny Semple","2017-05-12","Jenny Semple","y","y","y","y","","2017-06-02","","","","","","",NA,NA,NA,NA,NA,NA
"98",98,621,8,54,"Suyog","all","2017-05-10","2017-05-10","Jenny Semple","2017-05-12","Jenny Semple","y","y","y","y","","2017-06-02","","","","","","",NA,NA,NA,NA,NA,NA
"99",99,587,8,20,"Imre","all","2017-05-18","2017-05-24","Jenny Semple","2017-06-01","Jenny Semple","y","y","y","y","","2017-06-02","","","","","","",NA,NA,NA,NA,NA,NA
"100",100,623,8,56,"Imre","all","2017-05-18","2017-05-24","Jenny Semple","2017-06-01","Jenny Semple","y","y","y","y","","2017-06-02","","","","","","",NA,NA,NA,NA,NA,NA
"101",101,625,8,58,"Imre","all","2017-05-18","2017-05-24","Jenny Semple","2017-06-01","Jenny Semple","y","y","y","y","","2017-06-02","","","","","","",NA,NA,NA,NA,NA,NA
"102",102,622,8,55,"Imre","all","2017-05-23","2017-06-06","Jenny Semple","","","","","","","","","","","","","","",NA,NA,622,NA,NA,NA
"103",103,229,3,67,"Francesca","all","2017-06-06","2017-06-13","Jenny Semple","","","","","","","","","","","","","","",NA,NA,229,NA,NA,NA
"104",104,626,8,59,"Francesca","all","2017-06-08","2017-06-15","Jenny Semple","","","","","","","","","","","","","","",NA,NA,626,NA,NA,NA
"105",105,627,8,60,"Francesca","all","2017-06-08","2017-06-15","Jenny Semple","","","","","","","","","","","","","","",NA,NA,627,NA,NA,NA
"106",106,628,8,61,"Francesca","all","2017-06-08","2017-06-15","Jenny Semple","","","","","","","","","","","","","","",NA,NA,628,NA,NA,NA
"107",107,629,8,62,"Francesca","all","2017-06-08","2017-06-15","Jenny Semple","","","","","","","","","","","","","","",NA,NA,629,NA,NA,NA
"108",108,591,8,24,"Francesca","all","2017-06-20","2017-07-04","Jenny Semple","","","","","","","","","","","","","","",NA,NA,591,NA,NA,NA
"109",109,614,8,47,"Francesca","all","2017-06-20","2017-06-30","Jenny Semple","","","","","","","","","","","","","","",NA,NA,614,NA,NA,NA
"110",110,619,8,52,"Adriana","all","2017-06-21","2017-06-21","Jenny Semple","","","","","","","","","","","","","","",NA,NA,619,NA,NA,NA
"111",111,630,8,63,"Adriana","all","2017-06-21","2017-06-21","Jenny Semple","","","","","","","","","","","","","","",NA,NA,630,NA,NA,NA
"112",112,615,8,48,"Adriana","all","2017-06-29","2017-06-30","Jenny Semple","","","","","","","","","","","","","","",NA,NA,615,NA,NA,NA
"113",113,624,8,57,"Imre","all","2017-06-29","","","","","","","","","","","","","","","","",NA,NA,624,NA,NA,NA
"114",114,345,5,21,"cgc","all","2017-06-15","2017-06-30","Jenny Semple","","","","","","","","","2017-07-04","","","","","",NA,NA,345,NA,NA,NA
"115",115,583,8,16,"Jenny","IV ","2017-06-30","","","","","","","","","","","","","","","","",NA,NA,583,NA,NA,NA
"116",116,NA,1,0,"","","","","","","","","","","","","","","","","","","",NA,NA,0,NA,NA,NA
"117",117,NA,1,0,"","","","","","","","","","","","","","","","","","","",NA,NA,0,NA,NA,NA
"118",118,NA,1,0,"","","","","","","","","","","","","","","","","","","",NA,NA,0,NA,NA,NA
"119",119,NA,1,0,"","","","","","","","","","","","","","","","","","","",NA,NA,0,NA,NA,NA
"120",120,NA,1,0,"","","","","","","","","","","","","","","","","","","",NA,NA,0,NA,NA,NA
"121",121,NA,1,0,"","","","","","","","","","","","","","","","","","","",NA,NA,0,NA,NA,NA
"122",122,NA,1,0,"","","","","","","","","","","","","","","","","","","",NA,NA,0,NA,NA,NA
"123",123,NA,1,0,"","","","","","","","","","","","","","","","","","","",NA,NA,0,NA,NA,NA
"124",124,NA,1,0,"","","","","","","","","","","","","","","","","","","",NA,NA,0,NA,NA,NA
"125",125,NA,1,0,"","","","","","","","","","","","","","","","","","","",NA,NA,0,NA,NA,NA
"126",126,NA,1,0,"","","","","","","","","","","","","","","","","","","",NA,NA,0,NA,NA,NA
"127",127,NA,1,0,"","","","","","","","","","","","","","","","","","","",NA,NA,0,NA,NA,NA
"128",128,NA,1,0,"","","","","","","","","","","","","","","","","","","",NA,NA,0,NA,NA,NA
"129",129,NA,1,0,"","","","","","","","","","","","","","","","","","","",NA,NA,0,NA,NA,NA
"130",130,NA,1,0,"","","","","","","","","","","","","","","","","","","",NA,NA,0,NA,NA,NA
"131",131,NA,1,0,"","","","","","","","","","","","","","","","","","","",NA,NA,0,NA,NA,NA
"132",132,NA,1,0,"","","","","","","","","","","","","","","","","","","",NA,NA,0,NA,NA,NA
"133",133,NA,1,0,"","","","","","","","","","","","","","","","","","","",NA,NA,0,NA,NA,NA
"134",134,NA,1,0,"","","","","","","","","","","","","","","","","","","",NA,NA,0,NA,NA,NA
"135",135,NA,1,0,"","","","","","","","","","","","","","","","","","","",NA,NA,0,NA,NA,NA
"136",136,NA,1,0,"","","","","","","","","","","","","","","","","","","",NA,NA,0,NA,NA,NA
"137",137,NA,1,0,"","","","","","","","","","","","","","","","","","","",NA,NA,0,NA,NA,NA
"138",138,NA,1,0,"","","","","","","","","","","","","","","","","","","",NA,NA,0,NA,NA,NA
"139",139,NA,1,0,"","","","","","","","","","","","","","","","","","","",NA,NA,0,NA,NA,NA
"140",140,NA,1,0,"","","","","","","","","","","","","","","","","","","",NA,NA,0,NA,NA,NA
"141",141,NA,1,0,"","","","","","","","","","","","","","","","","","","",NA,NA,0,NA,NA,NA
"142",142,NA,1,0,"","","","","","","","","","","","","","","","","","","",NA,NA,0,NA,NA,NA
"143",143,NA,1,0,"","","","","","","","","","","","","","","","","","","",NA,NA,0,NA,NA,NA
"144",144,NA,1,0,"","","","","","","","","","","","","","","","","","","",NA,NA,0,NA,NA,NA
"145",145,NA,1,0,"","","","","","","","","","","","","","","","","","","",NA,NA,0,NA,NA,NA
"146",146,NA,1,0,"","","","","","","","","","","","","","","","","","","",NA,NA,0,NA,NA,NA
"147",147,NA,1,0,"","","","","","","","","","","","","","","","","","","",NA,NA,0,NA,NA,NA
"148",148,NA,1,0,"","","","","","","","","","","","","","","","","","","",NA,NA,0,NA,NA,NA
"149",149,NA,1,0,"","","","","","","","","","","","","","","","","","","",NA,NA,0,NA,NA,NA
"150",150,NA,1,0,"","","","","","","","","","","","","","","","","","","",NA,NA,0,NA,NA,NA
"151",151,NA,1,0,"","","","","","","","","","","","","","","","","","","",NA,NA,0,NA,NA,NA
"152",152,NA,1,0,"","","","","","","","","","","","","","","","","","","",NA,NA,0,NA,NA,NA
"153",153,NA,1,0,"","","","","","","","","","","","","","","","","","","",NA,NA,0,NA,NA,NA
"154",154,NA,1,0,"","","","","","","","","","","","","","","","","","","",NA,NA,0,NA,NA,NA
"155",155,NA,1,0,"","","","","","","","","","","","","","","","","","","",NA,NA,0,NA,NA,NA
"156",156,NA,1,0,"","","","","","","","","","","","","","","","","","","",NA,NA,0,NA,NA,NA
"157",157,NA,1,0,"","","","","","","","","","","","","","","","","","","",NA,NA,0,NA,NA,NA
"158",158,NA,1,0,"","","","","","","","","","","","","","","","","","","",NA,NA,0,NA,NA,NA
"159",159,NA,1,0,"","","","","","","","","","","","","","","","","","","",NA,NA,0,NA,NA,NA
"160",160,NA,1,0,"","","","","","","","","","","","","","","","","","","",NA,NA,0,NA,NA,NA
"161",161,NA,1,0,"","","","","","","","","","","","","","","","","","","",NA,NA,0,NA,NA,NA
"162",162,NA,1,0,"","","","","","","","","","","","","","","","","","","",NA,NA,0,NA,NA,NA
"163",163,NA,1,0,"","","","","","","","","","","","","","","","","","","",NA,NA,0,NA,NA,NA
"164",164,NA,1,0,"","","","","","","","","","","","","","","","","","","",NA,NA,0,NA,NA,NA
"165",165,NA,1,0,"","","","","","","","","","","","","","","","","","","",NA,NA,0,NA,NA,NA
"166",166,NA,1,0,"","","","","","","","","","","","","","","","","","","",NA,NA,0,NA,NA,NA
"167",167,NA,1,0,"","","","","","","","","","","","","","","","","","","",NA,NA,0,NA,NA,NA
"168",168,NA,1,0,"","","","","","","","","","","","","","","","","","","",NA,NA,0,NA,NA,NA
"169",169,NA,1,0,"","","","","","","","","","","","","","","","","","","",NA,NA,0,NA,NA,NA
"170",170,NA,1,0,"","","","","","","","","","","","","","","","","","","",NA,NA,0,NA,NA,NA
"171",171,NA,1,0,"","","","","","","","","","","","","","","","","","","",NA,NA,0,NA,NA,NA
"172",172,NA,1,0,"","","","","","","","","","","","","","","","","","","",NA,NA,0,NA,NA,NA
"173",173,NA,1,0,"","","","","","","","","","","","","","","","","","","",NA,NA,0,NA,NA,NA
"174",174,NA,1,0,"","","","","","","","","","","","","","","","","","","",NA,NA,0,NA,NA,NA
"175",175,NA,1,0,"","","","","","","","","","","","","","","","","","","",NA,NA,0,NA,NA,NA
"176",176,NA,1,0,"","","","","","","","","","","","","","","","","","","",NA,NA,0,NA,NA,NA
"177",177,NA,1,0,"","","","","","","","","","","","","","","","","","","",NA,NA,0,NA,NA,NA
"178",178,NA,1,0,"","","","","","","","","","","","","","","","","","","",NA,NA,0,NA,NA,NA
"179",179,NA,1,0,"","","","","","","","","","","","","","","","","","","",NA,NA,0,NA,NA,NA
"180",180,NA,1,0,"","","","","","","","","","","","","","","","","","","",NA,NA,0,NA,NA,NA
"181",181,NA,1,0,"","","","","","","","","","","","","","","","","","","",NA,NA,0,NA,NA,NA
"182",182,NA,1,0,"","","","","","","","","","","","","","","","","","","",NA,NA,0,NA,NA,NA
"183",183,NA,1,0,"","","","","","","","","","","","","","","","","","","",NA,NA,0,NA,NA,NA
"184",184,NA,1,0,"","","","","","","","","","","","","","","","","","","",NA,NA,0,NA,NA,NA
"185",185,NA,1,0,"","","","","","","","","","","","","","","","","","","",NA,NA,0,NA,NA,NA
"186",186,NA,1,0,"","","","","","","","","","","","","","","","","","","",NA,NA,0,NA,NA,NA
"187",187,NA,1,0,"","","","","","","","","","","","","","","","","","","",NA,NA,0,NA,NA,NA
"188",188,NA,1,0,"","","","","","","","","","","","","","","","","","","",NA,NA,0,NA,NA,NA
"189",189,NA,1,0,"","","","","","","","","","","","","","","","","","","",NA,NA,0,NA,NA,NA
"190",190,NA,1,0,"","","","","","","","","","","","","","","","","","","",NA,NA,0,NA,NA,NA
"191",191,NA,1,0,"","","","","","","","","","","","","","","","","","","",NA,NA,0,NA,NA,NA
"192",192,NA,1,0,"","","","","","","","","","","","","","","","","","","",NA,NA,0,NA,NA,NA
"193",193,NA,1,0,"","","","","","","","","","","","","","","","","","","",NA,NA,0,NA,NA,NA
"194",194,NA,1,0,"","","","","","","","","","","","","","","","","","","",NA,NA,0,NA,NA,NA
"195",195,NA,1,0,"","","","","","","","","","","","","","","","","","","",NA,NA,0,NA,NA,NA
"196",196,NA,1,0,"","","","","","","","","","","","","","","","","","","",NA,NA,0,NA,NA,NA
"197",197,NA,1,0,"","","","","","","","","","","","","","","","","","","",NA,NA,0,NA,NA,NA
"198",198,NA,1,0,"","","","","","","","","","","","","","","","","","","",NA,NA,0,NA,NA,NA
"199",199,NA,1,0,"","","","","","","","","","","","","","","","","","","",NA,NA,0,NA,NA,NA
"200",200,NA,1,0,"","","","","","","","","","","","","","","","","","","",NA,NA,0,NA,NA,NA
"201",201,NA,1,0,"","","","","","","","","","","","","","","","","","","",NA,NA,0,NA,NA,NA
"202",202,NA,1,0,"","","","","","","","","","","","","","","","","","","",NA,NA,0,NA,NA,NA
"203",203,NA,1,0,"","","","","","","","","","","","","","","","","","","",NA,NA,0,NA,NA,NA
"204",204,NA,1,0,"","","","","","","","","","","","","","","","","","","",NA,NA,0,NA,NA,NA
"205",205,NA,1,0,"","","","","","","","","","","","","","","","","","","",NA,NA,0,NA,NA,NA
"206",206,NA,1,0,"","","","","","","","","","","","","","","","","","","",NA,NA,0,NA,NA,NA
"207",207,NA,1,0,"","","","","","","","","","","","","","","","","","","",NA,NA,0,NA,NA,NA
"208",208,NA,1,0,"","","","","","","","","","","","","","","","","","","",NA,NA,0,NA,NA,NA
"209",209,NA,1,0,"","","","","","","","","","","","","","","","","","","",NA,NA,0,NA,NA,NA
"210",210,NA,1,0,"","","","","","","","","","","","","","","","","","","",NA,NA,0,NA,NA,NA
"211",211,NA,1,0,"","","","","","","","","","","","","","","","","","","",NA,NA,0,NA,NA,NA
"212",212,NA,1,0,"","","","","","","","","","","","","","","","","","","",NA,NA,0,NA,NA,NA
"213",213,NA,1,0,"","","","","","","","","","","","","","","","","","","",NA,NA,0,NA,NA,NA
"214",214,NA,1,0,"","","","","","","","","","","","","","","","","","","",NA,NA,0,NA,NA,NA
"215",215,NA,1,0,"","","","","","","","","","","","","","","","","","","",NA,NA,0,NA,NA,NA
"216",216,NA,1,0,"","","","","","","","","","","","","","","","","","","",NA,NA,0,NA,NA,NA
"217",217,NA,1,0,"","","","","","","","","","","","","","","","","","","",NA,NA,0,NA,NA,NA
"218",218,NA,1,0,"","","","","","","","","","","","","","","","","","","",NA,NA,0,NA,NA,NA
"219",219,NA,1,0,"","","","","","","","","","","","","","","","","","","",NA,NA,0,NA,NA,NA
"220",220,NA,1,0,"","","","","","","","","","","","","","","","","","","",NA,NA,0,NA,NA,NA
"221",221,NA,1,0,"","","","","","","","","","","","","","","","","","","",NA,NA,0,NA,NA,NA
"222",222,NA,1,0,"","","","","","","","","","","","","","","","","","","",NA,NA,0,NA,NA,NA
"223",223,NA,1,0,"","","","","","","","","","","","","","","","","","","",NA,NA,0,NA,NA,NA
"224",224,NA,1,0,"","","","","","","","","","","","","","","","","","","",NA,NA,0,NA,NA,NA
"225",225,NA,1,0,"","","","","","","","","","","","","","","","","","","",NA,NA,0,NA,NA,NA
"226",226,NA,1,0,"","","","","","","","","","","","","","","","","","","",NA,NA,0,NA,NA,NA
"227",227,NA,1,0,"","","","","","","","","","","","","","","","","","","",NA,NA,0,NA,NA,NA
"228",228,NA,1,0,"","","","","","","","","","","","","","","","","","","",NA,NA,0,NA,NA,NA
"229",229,NA,1,0,"","","","","","","","","","","","","","","","","","","",NA,NA,0,NA,NA,NA
"230",230,NA,1,0,"","","","","","","","","","","","","","","","","","","",NA,NA,0,NA,NA,NA
"231",231,NA,1,0,"","","","","","","","","","","","","","","","","","","",NA,NA,0,NA,NA,NA
"232",232,NA,1,0,"","","","","","","","","","","","","","","","","","","",NA,NA,0,NA,NA,NA
"233",233,NA,1,0,"","","","","","","","","","","","","","","","","","","",NA,NA,0,NA,NA,NA
"234",234,NA,1,0,"","","","","","","","","","","","","","","","","","","",NA,NA,0,NA,NA,NA
"235",235,NA,1,0,"","","","","","","","","","","","","","","","","","","",NA,NA,0,NA,NA,NA
"236",236,NA,1,0,"","","","","","","","","","","","","","","","","","","",NA,NA,0,NA,NA,NA
"237",237,NA,1,0,"","","","","","","","","","","","","","","","","","","",NA,NA,0,NA,NA,NA
"238",238,NA,1,0,"","","","","","","","","","","","","","","","","","","",NA,NA,0,NA,NA,NA
"239",239,NA,1,0,"","","","","","","","","","","","","","","","","","","",NA,NA,0,NA,NA,NA
"240",240,NA,1,0,"","","","","","","","","","","","","","","","","","","",NA,NA,0,NA,NA,NA
"241",241,NA,1,0,"","","","","","","","","","","","","","","","","","","",NA,NA,0,NA,NA,NA
"242",242,NA,1,0,"","","","","","","","","","","","","","","","","","","",NA,NA,0,NA,NA,NA
"243",243,NA,1,0,"","","","","","","","","","","","","","","","","","","",NA,NA,0,NA,NA,NA
"244",244,NA,1,0,"","","","","","","","","","","","","","","","","","","",NA,NA,0,NA,NA,NA
"245",245,NA,1,0,"","","","","","","","","","","","","","","","","","","",NA,NA,0,NA,NA,NA
"246",246,NA,1,0,"","","","","","","","","","","","","","","","","","","",NA,NA,0,NA,NA,NA
"247",247,NA,1,0,"","","","","","","","","","","","","","","","","","","",NA,NA,0,NA,NA,NA
"248",248,NA,1,0,"","","","","","","","","","","","","","","","","","","",NA,NA,0,NA,NA,NA
"249",249,NA,1,0,"","","","","","","","","","","","","","","","","","","",NA,NA,0,NA,NA,NA
"250",250,NA,1,0,"","","","","","","","","","","","","","","","","","","",NA,NA,0,NA,NA,NA
"251",251,NA,1,0,"","","","","","","","","","","","","","","","","","","",NA,NA,0,NA,NA,NA
"252",252,NA,1,0,"","","","","","","","","","","","","","","","","","","",NA,NA,0,NA,NA,NA
"253",253,NA,1,0,"","","","","","","","","","","","","","","","","","","",NA,NA,0,NA,NA,NA
"254",254,NA,1,0,"","","","","","","","","","","","","","","","","","","",NA,NA,0,NA,NA,NA
"255",255,NA,1,0,"","","","","","","","","","","","","","","","","","","",NA,NA,0,NA,NA,NA
"256",256,NA,1,0,"","","","","","","","","","","","","","","","","","","",NA,NA,0,NA,NA,NA
"257",257,NA,1,0,"","","","","","","","","","","","","","","","","","","",NA,NA,0,NA,NA,NA
"258",258,NA,1,0,"","","","","","","","","","","","","","","","","","","",NA,NA,0,NA,NA,NA
"259",259,NA,1,0,"","","","","","","","","","","","","","","","","","","",NA,NA,0,NA,NA,NA
"260",260,NA,1,0,"","","","","","","","","","","","","","","","","","","",NA,NA,0,NA,NA,NA
"261",261,NA,1,0,"","","","","","","","","","","","","","","","","","","",NA,NA,0,NA,NA,NA
"262",262,NA,1,0,"","","","","","","","","","","","","","","","","","","",NA,NA,0,NA,NA,NA
"263",263,NA,1,0,"","","","","","","","","","","","","","","","","","","",NA,NA,0,NA,NA,NA
"264",264,NA,1,0,"","","","","","","","","","","","","","","","","","","",NA,NA,0,NA,NA,NA
"265",265,NA,1,0,"","","","","","","","","","","","","","","","","","","",NA,NA,0,NA,NA,NA
"266",266,NA,1,0,"","","","","","","","","","","","","","","","","","","",NA,NA,0,NA,NA,NA
"267",267,NA,1,0,"","","","","","","","","","","","","","","","","","","",NA,NA,0,NA,NA,NA
"268",268,NA,1,0,"","","","","","","","","","","","","","","","","","","",NA,NA,0,NA,NA,NA
"269",269,NA,1,0,"","","","","","","","","","","","","","","","","","","",NA,NA,0,NA,NA,NA
"270",270,NA,1,0,"","","","","","","","","","","","","","","","","","","",NA,NA,0,NA,NA,NA
"271",271,NA,1,0,"","","","","","","","","","","","","","","","","","","",NA,NA,0,NA,NA,NA
"272",272,NA,1,0,"","","","","","","","","","","","","","","","","","","",NA,NA,0,NA,NA,NA
"273",273,NA,1,0,"","","","","","","","","","","","","","","","","","","",NA,NA,0,NA,NA,NA
"274",274,NA,1,0,"","","","","","","","","","","","","","","","","","","",NA,NA,0,NA,NA,NA
"275",275,NA,1,0,"","","","","","","","","","","","","","","","","","","",NA,NA,0,NA,NA,NA
"276",276,NA,1,0,"","","","","","","","","","","","","","","","","","","",NA,NA,0,NA,NA,NA
"277",277,NA,1,0,"","","","","","","","","","","","","","","","","","","",NA,NA,0,NA,NA,NA
"278",278,NA,1,0,"","","","","","","","","","","","","","","","","","","",NA,NA,0,NA,NA,NA
"279",279,NA,1,0,"","","","","","","","","","","","","","","","","","","",NA,NA,0,NA,NA,NA
"280",280,NA,1,0,"","","","","","","","","","","","","","","","","","","",NA,NA,0,NA,NA,NA
"281",281,NA,1,0,"","","","","","","","","","","","","","","","","","","",NA,NA,0,NA,NA,NA
"282",282,NA,1,0,"","","","","","","","","","","","","","","","","","","",NA,NA,0,NA,NA,NA
"283",283,NA,1,0,"","","","","","","","","","","","","","","","","","","",NA,NA,0,NA,NA,NA
"284",284,NA,1,0,"","","","","","","","","","","","","","","","","","","",NA,NA,0,NA,NA,NA
"285",285,NA,1,0,"","","","","","","","","","","","","","","","","","","",NA,NA,0,NA,NA,NA
"286",286,NA,1,0,"","","","","","","","","","","","","","","","","","","",NA,NA,0,NA,NA,NA
"287",287,NA,1,0,"","","","","","","","","","","","","","","","","","","",NA,NA,0,NA,NA,NA
"288",288,NA,1,0,"","","","","","","","","","","","","","","","","","","",NA,NA,0,NA,NA,NA
"289",289,NA,1,0,"","","","","","","","","","","","","","","","","","","",NA,NA,0,NA,NA,NA
"290",290,NA,1,0,"","","","","","","","","","","","","","","","","","","",NA,NA,0,NA,NA,NA
"291",291,NA,1,0,"","","","","","","","","","","","","","","","","","","",NA,NA,0,NA,NA,NA
"292",292,NA,1,0,"","","","","","","","","","","","","","","","","","","",NA,NA,0,NA,NA,NA
"293",293,NA,1,0,"","","","","","","","","","","","","","","","","","","",NA,NA,0,NA,NA,NA
"294",294,NA,1,0,"","","","","","","","","","","","","","","","","","","",NA,NA,0,NA,NA,NA
"295",295,NA,1,0,"","","","","","","","","","","","","","","","","","","",NA,NA,0,NA,NA,NA
"296",296,NA,1,0,"","","","","","","","","","","","","","","","","","","",NA,NA,0,NA,NA,NA
"297",297,NA,1,0,"","","","","","","","","","","","","","","","","","","",NA,NA,0,NA,NA,NA
"298",298,NA,1,0,"","","","","","","","","","","","","","","","","","","",NA,NA,0,NA,NA,NA
"299",299,NA,1,0,"","","","","","","","","","","","","","","","","","","",NA,NA,0,NA,NA,NA
"300",300,NA,1,0,"","","","","","","","","","","","","","","","","","","",NA,NA,0,NA,NA,NA
"301",301,NA,1,0,"","","","","","","","","","","","","","","","","","","",NA,NA,0,NA,NA,NA
"302",302,NA,1,0,"","","","","","","","","","","","","","","","","","","",NA,NA,0,NA,NA,NA
"303",303,NA,1,0,"","","","","","","","","","","","","","","","","","","",NA,NA,0,NA,NA,NA
"304",304,NA,1,0,"","","","","","","","","","","","","","","","","","","",NA,NA,0,NA,NA,NA
"305",305,NA,1,0,"","","","","","","","","","","","","","","","","","","",NA,NA,0,NA,NA,NA
"306",306,NA,1,0,"","","","","","","","","","","","","","","","","","","",NA,NA,0,NA,NA,NA
"307",307,NA,1,0,"","","","","","","","","","","","","","","","","","","",NA,NA,0,NA,NA,NA
"308",308,NA,1,0,"","","","","","","","","","","","","","","","","","","",NA,NA,0,NA,NA,NA
"309",309,NA,1,0,"","","","","","","","","","","","","","","","","","","",NA,NA,0,NA,NA,NA
"310",310,NA,1,0,"","","","","","","","","","","","","","","","","","","",NA,NA,0,NA,NA,NA
"311",311,NA,1,0,"","","","","","","","","","","","","","","","","","","",NA,NA,0,NA,NA,NA
"312",312,NA,1,0,"","","","","","","","","","","","","","","","","","","",NA,NA,0,NA,NA,NA
"313",313,NA,1,0,"","","","","","","","","","","","","","","","","","","",NA,NA,0,NA,NA,NA
"314",314,NA,1,0,"","","","","","","","","","","","","","","","","","","",NA,NA,0,NA,NA,NA
"315",315,NA,1,0,"","","","","","","","","","","","","","","","","","","",NA,NA,0,NA,NA,NA
"316",316,NA,1,0,"","","","","","","","","","","","","","","","","","","",NA,NA,0,NA,NA,NA
"317",317,NA,1,0,"","","","","","","","","","","","","","","","","","","",NA,NA,0,NA,NA,NA
"318",318,NA,1,0,"","","","","","","","","","","","","","","","","","","",NA,NA,0,NA,NA,NA
"319",319,NA,1,0,"","","","","","","","","","","","","","","","","","","",NA,NA,0,NA,NA,NA
"320",320,NA,1,0,"","","","","","","","","","","","","","","","","","","",NA,NA,0,NA,NA,NA
"321",321,NA,1,0,"","","","","","","","","","","","","","","","","","","",NA,NA,0,NA,NA,NA
"322",322,NA,1,0,"","","","","","","","","","","","","","","","","","","",NA,NA,0,NA,NA,NA
"323",323,NA,1,0,"","","","","","","","","","","","","","","","","","","",NA,NA,0,NA,NA,NA
"324",324,NA,1,0,"","","","","","","","","","","","","","","","","","","",NA,NA,0,NA,NA,NA
"325",325,NA,1,0,"","","","","","","","","","","","","","","","","","","",NA,NA,0,NA,NA,NA
"326",326,NA,1,0,"","","","","","","","","","","","","","","","","","","",NA,NA,0,NA,NA,NA
"327",327,NA,1,0,"","","","","","","","","","","","","","","","","","","",NA,NA,0,NA,NA,NA
"328",328,NA,1,0,"","","","","","","","","","","","","","","","","","","",NA,NA,0,NA,NA,NA
"329",329,NA,1,0,"","","","","","","","","","","","","","","","","","","",NA,NA,0,NA,NA,NA
"330",330,NA,1,0,"","","","","","","","","","","","","","","","","","","",NA,NA,0,NA,NA,NA
"331",331,NA,1,0,"","","","","","","","","","","","","","","","","","","",NA,NA,0,NA,NA,NA
"332",332,NA,1,0,"","","","","","","","","","","","","","","","","","","",NA,NA,0,NA,NA,NA
"333",333,NA,1,0,"","","","","","","","","","","","","","","","","","","",NA,NA,0,NA,NA,NA
"334",334,NA,1,0,"","","","","","","","","","","","","","","","","","","",NA,NA,0,NA,NA,NA
"335",335,NA,1,0,"","","","","","","","","","","","","","","","","","","",NA,NA,0,NA,NA,NA
"336",336,NA,1,0,"","","","","","","","","","","","","","","","","","","",NA,NA,0,NA,NA,NA
"337",337,NA,1,0,"","","","","","","","","","","","","","","","","","","",NA,NA,0,NA,NA,NA
"338",338,NA,1,0,"","","","","","","","","","","","","","","","","","","",NA,NA,0,NA,NA,NA
"339",339,NA,1,0,"","","","","","","","","","","","","","","","","","","",NA,NA,0,NA,NA,NA
"340",340,NA,1,0,"","","","","","","","","","","","","","","","","","","",NA,NA,0,NA,NA,NA
"341",341,NA,1,0,"","","","","","","","","","","","","","","","","","","",NA,NA,0,NA,NA,NA
"342",342,NA,1,0,"","","","","","","","","","","","","","","","","","","",NA,NA,0,NA,NA,NA
"343",343,NA,1,0,"","","","","","","","","","","","","","","","","","","",NA,NA,0,NA,NA,NA
"344",344,NA,1,0,"","","","","","","","","","","","","","","","","","","",NA,NA,0,NA,NA,NA
"345",345,NA,1,0,"","","","","","","","","","","","","","","","","","","",NA,NA,0,NA,NA,NA
"346",346,NA,1,0,"","","","","","","","","","","","","","","","","","","",NA,NA,0,NA,NA,NA
"347",347,NA,1,0,"","","","","","","","","","","","","","","","","","","",NA,NA,0,NA,NA,NA
"348",348,NA,1,0,"","","","","","","","","","","","","","","","","","","",NA,NA,0,NA,NA,NA
"349",349,NA,1,0,"","","","","","","","","","","","","","","","","","","",NA,NA,0,NA,NA,NA
"350",350,NA,1,0,"","","","","","","","","","","","","","","","","","","",NA,NA,0,NA,NA,NA
"351",351,NA,1,0,"","","","","","","","","","","","","","","","","","","",NA,NA,0,NA,NA,NA
"352",352,NA,1,0,"","","","","","","","","","","","","","","","","","","",NA,NA,0,NA,NA,NA
"353",353,NA,1,0,"","","","","","","","","","","","","","","","","","","",NA,NA,0,NA,NA,NA
"354",354,NA,1,0,"","","","","","","","","","","","","","","","","","","",NA,NA,0,NA,NA,NA
"355",355,NA,1,0,"","","","","","","","","","","","","","","","","","","",NA,NA,0,NA,NA,NA
"356",356,NA,1,0,"","","","","","","","","","","","","","","","","","","",NA,NA,0,NA,NA,NA
"357",357,NA,1,0,"","","","","","","","","","","","","","","","","","","",NA,NA,0,NA,NA,NA
"358",358,NA,1,0,"","","","","","","","","","","","","","","","","","","",NA,NA,0,NA,NA,NA
"359",359,NA,1,0,"","","","","","","","","","","","","","","","","","","",NA,NA,0,NA,NA,NA
"360",360,NA,1,0,"","","","","","","","","","","","","","","","","","","",NA,NA,0,NA,NA,NA
"361",361,NA,1,0,"","","","","","","","","","","","","","","","","","","",NA,NA,0,NA,NA,NA
"362",362,NA,1,0,"","","","","","","","","","","","","","","","","","","",NA,NA,0,NA,NA,NA
"363",363,NA,1,0,"","","","","","","","","","","","","","","","","","","",NA,NA,0,NA,NA,NA
"364",364,NA,1,0,"","","","","","","","","","","","","","","","","","","",NA,NA,0,NA,NA,NA
"365",365,NA,1,0,"","","","","","","","","","","","","","","","","","","",NA,NA,0,NA,NA,NA
"366",366,NA,1,0,"","","","","","","","","","","","","","","","","","","",NA,NA,0,NA,NA,NA
"367",367,NA,1,0,"","","","","","","","","","","","","","","","","","","",NA,NA,0,NA,NA,NA
"368",368,NA,1,0,"","","","","","","","","","","","","","","","","","","",NA,NA,0,NA,NA,NA
"369",369,NA,1,0,"","","","","","","","","","","","","","","","","","","",NA,NA,0,NA,NA,NA
"370",370,NA,1,0,"","","","","","","","","","","","","","","","","","","",NA,NA,0,NA,NA,NA
"371",371,NA,1,0,"","","","","","","","","","","","","","","","","","","",NA,NA,0,NA,NA,NA
"372",372,NA,1,0,"","","","","","","","","","","","","","","","","","","",NA,NA,0,NA,NA,NA
"373",373,NA,1,0,"","","","","","","","","","","","","","","","","","","",NA,NA,0,NA,NA,NA
"374",374,NA,1,0,"","","","","","","","","","","","","","","","","","","",NA,NA,0,NA,NA,NA
"375",375,NA,1,0,"","","","","","","","","","","","","","","","","","","",NA,NA,0,NA,NA,NA
"376",376,NA,1,0,"","","","","","","","","","","","","","","","","","","",NA,NA,0,NA,NA,NA
"377",377,NA,1,0,"","","","","","","","","","","","","","","","","","","",NA,NA,0,NA,NA,NA
"378",378,NA,1,0,"","","","","","","","","","","","","","","","","","","",NA,NA,0,NA,NA,NA
"379",379,NA,1,0,"","","","","","","","","","","","","","","","","","","",NA,NA,0,NA,NA,NA
"380",380,NA,1,0,"","","","","","","","","","","","","","","","","","","",NA,NA,0,NA,NA,NA
"381",381,NA,1,0,"","","","","","","","","","","","","","","","","","","",NA,NA,0,NA,NA,NA
"382",382,NA,1,0,"","","","","","","","","","","","","","","","","","","",NA,NA,0,NA,NA,NA
"383",383,NA,1,0,"","","","","","","","","","","","","","","","","","","",NA,NA,0,NA,NA,NA
"384",384,NA,1,0,"","","","","","","","","","","","","","","","","","","",NA,NA,0,NA,NA,NA
"385",385,NA,1,0,"","","","","","","","","","","","","","","","","","","",NA,NA,0,NA,NA,NA
"386",386,NA,1,0,"","","","","","","","","","","","","","","","","","","",NA,NA,0,NA,NA,NA
"387",387,NA,1,0,"","","","","","","","","","","","","","","","","","","",NA,NA,0,NA,NA,NA
"388",388,NA,1,0,"","","","","","","","","","","","","","","","","","","",NA,NA,0,NA,NA,NA
"389",389,NA,1,0,"","","","","","","","","","","","","","","","","","","",NA,NA,0,NA,NA,NA
"390",390,NA,1,0,"","","","","","","","","","","","","","","","","","","",NA,NA,0,NA,NA,NA
"391",391,NA,1,0,"","","","","","","","","","","","","","","","","","","",NA,NA,0,NA,NA,NA
"392",392,NA,1,0,"","","","","","","","","","","","","","","","","","","",NA,NA,0,NA,NA,NA
"393",393,NA,1,0,"","","","","","","","","","","","","","","","","","","",NA,NA,0,NA,NA,NA
"394",394,NA,1,0,"","","","","","","","","","","","","","","","","","","",NA,NA,0,NA,NA,NA
"395",395,NA,1,0,"","","","","","","","","","","","","","","","","","","",NA,NA,0,NA,NA,NA
"396",396,NA,1,0,"","","","","","","","","","","","","","","","","","","",NA,NA,0,NA,NA,NA
"397",397,NA,1,0,"","","","","","","","","","","","","","","","","","","",NA,NA,0,NA,NA,NA
"398",398,NA,1,0,"","","","","","","","","","","","","","","","","","","",NA,NA,0,NA,NA,NA
"399",399,NA,1,0,"","","","","","","","","","","","","","","","","","","",NA,NA,0,NA,NA,NA
"400",400,NA,1,0,"","","","","","","","","","","","","","","","","","","",NA,NA,0,NA,NA,NA
"401",401,NA,1,0,"","","","","","","","","","","","","","","","","","","",NA,NA,0,NA,NA,NA
"402",402,NA,1,0,"","","","","","","","","","","","","","","","","","","",NA,NA,0,NA,NA,NA
"403",403,NA,1,0,"","","","","","","","","","","","","","","","","","","",NA,NA,0,NA,NA,NA
"404",404,NA,1,0,"","","","","","","","","","","","","","","","","","","",NA,NA,0,NA,NA,NA
"405",405,NA,1,0,"","","","","","","","","","","","","","","","","","","",NA,NA,0,NA,NA,NA
"406",406,NA,1,0,"","","","","","","","","","","","","","","","","","","",NA,NA,0,NA,NA,NA
"407",407,NA,1,0,"","","","","","","","","","","","","","","","","","","",NA,NA,0,NA,NA,NA
"408",408,NA,1,0,"","","","","","","","","","","","","","","","","","","",NA,NA,0,NA,NA,NA
"409",409,NA,1,0,"","","","","","","","","","","","","","","","","","","",NA,NA,0,NA,NA,NA
"410",410,NA,1,0,"","","","","","","","","","","","","","","","","","","",NA,NA,0,NA,NA,NA
"411",411,NA,1,0,"","","","","","","","","","","","","","","","","","","",NA,NA,0,NA,NA,NA
"412",412,NA,1,0,"","","","","","","","","","","","","","","","","","","",NA,NA,0,NA,NA,NA
"413",413,NA,1,0,"","","","","","","","","","","","","","","","","","","",NA,NA,0,NA,NA,NA
"414",414,NA,1,0,"","","","","","","","","","","","","","","","","","","",NA,NA,0,NA,NA,NA
"415",415,NA,1,0,"","","","","","","","","","","","","","","","","","","",NA,NA,0,NA,NA,NA
"416",416,NA,1,0,"","","","","","","","","","","","","","","","","","","",NA,NA,0,NA,NA,NA
"417",417,NA,1,0,"","","","","","","","","","","","","","","","","","","",NA,NA,0,NA,NA,NA
"418",418,NA,1,0,"","","","","","","","","","","","","","","","","","","",NA,NA,0,NA,NA,NA
"419",419,NA,1,0,"","","","","","","","","","","","","","","","","","","",NA,NA,0,NA,NA,NA
"420",420,NA,1,0,"","","","","","","","","","","","","","","","","","","",NA,NA,0,NA,NA,NA
"421",421,NA,1,0,"","","","","","","","","","","","","","","","","","","",NA,NA,0,NA,NA,NA
"422",422,NA,1,0,"","","","","","","","","","","","","","","","","","","",NA,NA,0,NA,NA,NA
"423",423,NA,1,0,"","","","","","","","","","","","","","","","","","","",NA,NA,0,NA,NA,NA
"424",424,NA,1,0,"","","","","","","","","","","","","","","","","","","",NA,NA,0,NA,NA,NA
"425",425,NA,1,0,"","","","","","","","","","","","","","","","","","","",NA,NA,0,NA,NA,NA
"426",426,NA,1,0,"","","","","","","","","","","","","","","","","","","",NA,NA,0,NA,NA,NA
"427",427,NA,1,0,"","","","","","","","","","","","","","","","","","","",NA,NA,0,NA,NA,NA
"428",428,NA,1,0,"","","","","","","","","","","","","","","","","","","",NA,NA,0,NA,NA,NA
"429",429,NA,1,0,"","","","","","","","","","","","","","","","","","","",NA,NA,0,NA,NA,NA
"430",430,NA,1,0,"","","","","","","","","","","","","","","","","","","",NA,NA,0,NA,NA,NA
"431",431,NA,1,0,"","","","","","","","","","","","","","","","","","","",NA,NA,0,NA,NA,NA
"432",432,NA,1,0,"","","","","","","","","","","","","","","","","","","",NA,NA,0,NA,NA,NA
"433",433,NA,1,0,"","","","","","","","","","","","","","","","","","","",NA,NA,0,NA,NA,NA
"434",434,NA,1,0,"","","","","","","","","","","","","","","","","","","",NA,NA,0,NA,NA,NA
"435",435,NA,1,0,"","","","","","","","","","","","","","","","","","","",NA,NA,0,NA,NA,NA
"436",436,NA,1,0,"","","","","","","","","","","","","","","","","","","",NA,NA,0,NA,NA,NA
"437",437,NA,1,0,"","","","","","","","","","","","","","","","","","","",NA,NA,0,NA,NA,NA
"438",438,NA,1,0,"","","","","","","","","","","","","","","","","","","",NA,NA,0,NA,NA,NA
"439",439,NA,1,0,"","","","","","","","","","","","","","","","","","","",NA,NA,0,NA,NA,NA
"440",440,NA,1,0,"","","","","","","","","","","","","","","","","","","",NA,NA,0,NA,NA,NA
"441",441,NA,1,0,"","","","","","","","","","","","","","","","","","","",NA,NA,0,NA,NA,NA
"442",442,NA,1,0,"","","","","","","","","","","","","","","","","","","",NA,NA,0,NA,NA,NA
"443",443,NA,1,0,"","","","","","","","","","","","","","","","","","","",NA,NA,0,NA,NA,NA
"444",444,NA,1,0,"","","","","","","","","","","","","","","","","","","",NA,NA,0,NA,NA,NA
"445",445,NA,1,0,"","","","","","","","","","","","","","","","","","","",NA,NA,0,NA,NA,NA
"446",446,NA,1,0,"","","","","","","","","","","","","","","","","","","",NA,NA,0,NA,NA,NA
"447",447,NA,1,0,"","","","","","","","","","","","","","","","","","","",NA,NA,0,NA,NA,NA
"448",448,NA,1,0,"","","","","","","","","","","","","","","","","","","",NA,NA,0,NA,NA,NA
"449",449,NA,1,0,"","","","","","","","","","","","","","","","","","","",NA,NA,0,NA,NA,NA
"450",450,NA,1,0,"","","","","","","","","","","","","","","","","","","",NA,NA,0,NA,NA,NA
"451",451,NA,1,0,"","","","","","","","","","","","","","","","","","","",NA,NA,0,NA,NA,NA
"452",452,NA,1,0,"","","","","","","","","","","","","","","","","","","",NA,NA,0,NA,NA,NA
"453",453,NA,1,0,"","","","","","","","","","","","","","","","","","","",NA,NA,0,NA,NA,NA
"454",454,NA,1,0,"","","","","","","","","","","","","","","","","","","",NA,NA,0,NA,NA,NA
"455",455,NA,1,0,"","","","","","","","","","","","","","","","","","","",NA,NA,0,NA,NA,NA
"456",456,NA,1,0,"","","","","","","","","","","","","","","","","","","",NA,NA,0,NA,NA,NA
"457",457,NA,1,0,"","","","","","","","","","","","","","","","","","","",NA,NA,0,NA,NA,NA
"458",458,NA,1,0,"","","","","","","","","","","","","","","","","","","",NA,NA,0,NA,NA,NA
"459",459,NA,1,0,"","","","","","","","","","","","","","","","","","","",NA,NA,0,NA,NA,NA
"460",460,NA,1,0,"","","","","","","","","","","","","","","","","","","",NA,NA,0,NA,NA,NA
"461",461,NA,1,0,"","","","","","","","","","","","","","","","","","","",NA,NA,0,NA,NA,NA
"462",462,NA,1,0,"","","","","","","","","","","","","","","","","","","",NA,NA,0,NA,NA,NA
"463",463,NA,1,0,"","","","","","","","","","","","","","","","","","","",NA,NA,0,NA,NA,NA
"464",464,NA,1,0,"","","","","","","","","","","","","","","","","","","",NA,NA,0,NA,NA,NA
"465",465,NA,1,0,"","","","","","","","","","","","","","","","","","","",NA,NA,0,NA,NA,NA
"466",466,NA,1,0,"","","","","","","","","","","","","","","","","","","",NA,NA,0,NA,NA,NA
"467",467,NA,1,0,"","","","","","","","","","","","","","","","","","","",NA,NA,0,NA,NA,NA
"468",468,NA,1,0,"","","","","","","","","","","","","","","","","","","",NA,NA,0,NA,NA,NA
"469",469,NA,1,0,"","","","","","","","","","","","","","","","","","","",NA,NA,0,NA,NA,NA
"470",470,NA,1,0,"","","","","","","","","","","","","","","","","","","",NA,NA,0,NA,NA,NA
"471",471,NA,1,0,"","","","","","","","","","","","","","","","","","","",NA,NA,0,NA,NA,NA
"472",472,NA,1,0,"","","","","","","","","","","","","","","","","","","",NA,NA,0,NA,NA,NA
"473",473,NA,1,0,"","","","","","","","","","","","","","","","","","","",NA,NA,0,NA,NA,NA
"474",474,NA,1,0,"","","","","","","","","","","","","","","","","","","",NA,NA,0,NA,NA,NA
"475",475,NA,1,0,"","","","","","","","","","","","","","","","","","","",NA,NA,0,NA,NA,NA
"476",476,NA,1,0,"","","","","","","","","","","","","","","","","","","",NA,NA,0,NA,NA,NA
"477",477,NA,1,0,"","","","","","","","","","","","","","","","","","","",NA,NA,0,NA,NA,NA
"478",478,NA,1,0,"","","","","","","","","","","","","","","","","","","",NA,NA,0,NA,NA,NA
"479",479,NA,1,0,"","","","","","","","","","","","","","","","","","","",NA,NA,0,NA,NA,NA
"480",480,NA,1,0,"","","","","","","","","","","","","","","","","","","",NA,NA,0,NA,NA,NA
"481",481,NA,1,0,"","","","","","","","","","","","","","","","","","","",NA,NA,0,NA,NA,NA
"482",482,NA,1,0,"","","","","","","","","","","","","","","","","","","",NA,NA,0,NA,NA,NA
"483",483,NA,1,0,"","","","","","","","","","","","","","","","","","","",NA,NA,0,NA,NA,NA
"484",484,NA,1,0,"","","","","","","","","","","","","","","","","","","",NA,NA,0,NA,NA,NA
"485",485,NA,1,0,"","","","","","","","","","","","","","","","","","","",NA,NA,0,NA,NA,NA
"486",486,NA,1,0,"","","","","","","","","","","","","","","","","","","",NA,NA,0,NA,NA,NA
"487",487,NA,1,0,"","","","","","","","","","","","","","","","","","","",NA,NA,0,NA,NA,NA
"488",488,NA,1,0,"","","","","","","","","","","","","","","","","","","",NA,NA,0,NA,NA,NA
"489",489,NA,1,0,"","","","","","","","","","","","","","","","","","","",NA,NA,0,NA,NA,NA
"490",490,NA,1,0,"","","","","","","","","","","","","","","","","","","",NA,NA,0,NA,NA,NA
"491",491,NA,1,0,"","","","","","","","","","","","","","","","","","","",NA,NA,0,NA,NA,NA
"492",492,NA,1,0,"","","","","","","","","","","","","","","","","","","",NA,NA,0,NA,NA,NA
"493",493,NA,1,0,"","","","","","","","","","","","","","","","","","","",NA,NA,0,NA,NA,NA
"494",494,NA,1,0,"","","","","","","","","","","","","","","","","","","",NA,NA,0,NA,NA,NA
"495",495,NA,1,0,"","","","","","","","","","","","","","","","","","","",NA,NA,0,NA,NA,NA
"496",496,NA,1,0,"","","","","","","","","","","","","","","","","","","",NA,NA,0,NA,NA,NA
"497",497,NA,1,0,"","","","","","","","","","","","","","","","","","","",NA,NA,0,NA,NA,NA
"498",498,NA,1,0,"","","","","","","","","","","","","","","","","","","",NA,NA,0,NA,NA,NA
"499",499,NA,1,0,"","","","","","","","","","","","","","","","","","","",NA,NA,0,NA,NA,NA
"500",500,NA,1,0,"","","","","","","","","","","","","","","","","","","",NA,NA,0,NA,NA,NA
"501",501,NA,1,0,"","","","","","","","","","","","","","","","","","","",NA,NA,0,NA,NA,NA
"502",502,NA,1,0,"","","","","","","","","","","","","","","","","","","",NA,NA,0,NA,NA,NA
"503",503,NA,1,0,"","","","","","","","","","","","","","","","","","","",NA,NA,0,NA,NA,NA
"504",504,NA,1,0,"","","","","","","","","","","","","","","","","","","",NA,NA,0,NA,NA,NA
"505",505,NA,1,0,"","","","","","","","","","","","","","","","","","","",NA,NA,0,NA,NA,NA
"506",506,NA,1,0,"","","","","","","","","","","","","","","","","","","",NA,NA,0,NA,NA,NA
"507",507,NA,1,0,"","","","","","","","","","","","","","","","","","","",NA,NA,0,NA,NA,NA
"508",508,NA,1,0,"","","","","","","","","","","","","","","","","","","",NA,NA,0,NA,NA,NA
"509",509,NA,1,0,"","","","","","","","","","","","","","","","","","","",NA,NA,0,NA,NA,NA
"510",510,NA,1,0,"","","","","","","","","","","","","","","","","","","",NA,NA,0,NA,NA,NA
"511",511,NA,1,0,"","","","","","","","","","","","","","","","","","","",NA,NA,0,NA,NA,NA
"512",512,NA,1,0,"","","","","","","","","","","","","","","","","","","",NA,NA,0,NA,NA,NA
"513",513,NA,1,0,"","","","","","","","","","","","","","","","","","","",NA,NA,0,NA,NA,NA
"514",514,NA,1,0,"","","","","","","","","","","","","","","","","","","",NA,NA,0,NA,NA,NA
"515",515,NA,1,0,"","","","","","","","","","","","","","","","","","","",NA,NA,0,NA,NA,NA
"516",516,NA,1,0,"","","","","","","","","","","","","","","","","","","",NA,NA,0,NA,NA,NA
"517",517,NA,1,0,"","","","","","","","","","","","","","","","","","","",NA,NA,0,NA,NA,NA
"518",518,NA,1,0,"","","","","","","","","","","","","","","","","","","",NA,NA,0,NA,NA,NA
"519",519,NA,1,0,"","","","","","","","","","","","","","","","","","","",NA,NA,0,NA,NA,NA
"520",520,NA,1,0,"","","","","","","","","","","","","","","","","","","",NA,NA,0,NA,NA,NA
"521",521,NA,1,0,"","","","","","","","","","","","","","","","","","","",NA,NA,0,NA,NA,NA
"522",522,NA,1,0,"","","","","","","","","","","","","","","","","","","",NA,NA,0,NA,NA,NA
"523",523,NA,1,0,"","","","","","","","","","","","","","","","","","","",NA,NA,0,NA,NA,NA
"524",524,NA,1,0,"","","","","","","","","","","","","","","","","","","",NA,NA,0,NA,NA,NA
"525",525,NA,1,0,"","","","","","","","","","","","","","","","","","","",NA,NA,0,NA,NA,NA
"526",526,NA,1,0,"","","","","","","","","","","","","","","","","","","",NA,NA,0,NA,NA,NA
"527",527,NA,1,0,"","","","","","","","","","","","","","","","","","","",NA,NA,0,NA,NA,NA
"528",528,NA,1,0,"","","","","","","","","","","","","","","","","","","",NA,NA,0,NA,NA,NA
"529",529,NA,1,0,"","","","","","","","","","","","","","","","","","","",NA,NA,0,NA,NA,NA
"530",530,NA,1,0,"","","","","","","","","","","","","","","","","","","",NA,NA,0,NA,NA,NA
"531",531,NA,1,0,"","","","","","","","","","","","","","","","","","","",NA,NA,0,NA,NA,NA
"532",532,NA,1,0,"","","","","","","","","","","","","","","","","","","",NA,NA,0,NA,NA,NA
"533",533,NA,1,0,"","","","","","","","","","","","","","","","","","","",NA,NA,0,NA,NA,NA
"534",534,NA,1,0,"","","","","","","","","","","","","","","","","","","",NA,NA,0,NA,NA,NA
"535",535,NA,1,0,"","","","","","","","","","","","","","","","","","","",NA,NA,0,NA,NA,NA
"536",536,NA,1,0,"","","","","","","","","","","","","","","","","","","",NA,NA,0,NA,NA,NA
"537",537,NA,1,0,"","","","","","","","","","","","","","","","","","","",NA,NA,0,NA,NA,NA
"538",538,NA,1,0,"","","","","","","","","","","","","","","","","","","",NA,NA,0,NA,NA,NA
"539",539,NA,1,0,"","","","","","","","","","","","","","","","","","","",NA,NA,0,NA,NA,NA
"540",540,NA,1,0,"","","","","","","","","","","","","","","","","","","",NA,NA,0,NA,NA,NA
"541",541,NA,1,0,"","","","","","","","","","","","","","","","","","","",NA,NA,0,NA,NA,NA
"542",542,NA,1,0,"","","","","","","","","","","","","","","","","","","",NA,NA,0,NA,NA,NA
"543",543,NA,1,0,"","","","","","","","","","","","","","","","","","","",NA,NA,0,NA,NA,NA
"544",544,NA,1,0,"","","","","","","","","","","","","","","","","","","",NA,NA,0,NA,NA,NA
"545",545,NA,1,0,"","","","","","","","","","","","","","","","","","","",NA,NA,0,NA,NA,NA
"546",546,NA,1,0,"","","","","","","","","","","","","","","","","","","",NA,NA,0,NA,NA,NA
"547",547,NA,1,0,"","","","","","","","","","","","","","","","","","","",NA,NA,0,NA,NA,NA
"548",548,NA,1,0,"","","","","","","","","","","","","","","","","","","",NA,NA,0,NA,NA,NA
"549",549,NA,1,0,"","","","","","","","","","","","","","","","","","","",NA,NA,0,NA,NA,NA
"550",550,NA,1,0,"","","","","","","","","","","","","","","","","","","",NA,NA,0,NA,NA,NA
"551",551,NA,1,0,"","","","","","","","","","","","","","","","","","","",NA,NA,0,NA,NA,NA
"552",552,NA,1,0,"","","","","","","","","","","","","","","","","","","",NA,NA,0,NA,NA,NA
"553",553,NA,1,0,"","","","","","","","","","","","","","","","","","","",NA,NA,0,NA,NA,NA
"554",554,NA,1,0,"","","","","","","","","","","","","","","","","","","",NA,NA,0,NA,NA,NA
"555",555,NA,1,0,"","","","","","","","","","","","","","","","","","","",NA,NA,0,NA,NA,NA
"556",556,NA,1,0,"","","","","","","","","","","","","","","","","","","",NA,NA,0,NA,NA,NA
"557",557,NA,1,0,"","","","","","","","","","","","","","","","","","","",NA,NA,0,NA,NA,NA
"558",558,NA,1,0,"","","","","","","","","","","","","","","","","","","",NA,NA,0,NA,NA,NA
"559",559,NA,1,0,"","","","","","","","","","","","","","","","","","","",NA,NA,0,NA,NA,NA
"560",560,NA,1,0,"","","","","","","","","","","","","","","","","","","",NA,NA,0,NA,NA,NA
"561",561,NA,1,0,"","","","","","","","","","","","","","","","","","","",NA,NA,0,NA,NA,NA
"562",562,NA,1,0,"","","","","","","","","","","","","","","","","","","",NA,NA,0,NA,NA,NA
"563",563,NA,1,0,"","","","","","","","","","","","","","","","","","","",NA,NA,0,NA,NA,NA
"564",564,NA,1,0,"","","","","","","","","","","","","","","","","","","",NA,NA,0,NA,NA,NA
"565",565,NA,1,0,"","","","","","","","","","","","","","","","","","","",NA,NA,0,NA,NA,NA
"566",566,NA,1,0,"","","","","","","","","","","","","","","","","","","",NA,NA,0,NA,NA,NA
"567",567,NA,1,0,"","","","","","","","","","","","","","","","","","","",NA,NA,0,NA,NA,NA
"568",568,NA,1,0,"","","","","","","","","","","","","","","","","","","",NA,NA,0,NA,NA,NA
"569",569,NA,1,0,"","","","","","","","","","","","","","","","","","","",NA,NA,0,NA,NA,NA
"570",570,NA,1,0,"","","","","","","","","","","","","","","","","","","",NA,NA,0,NA,NA,NA
"571",571,NA,1,0,"","","","","","","","","","","","","","","","","","","",NA,NA,0,NA,NA,NA
"572",572,NA,1,0,"","","","","","","","","","","","","","","","","","","",NA,NA,0,NA,NA,NA
"573",573,NA,1,0,"","","","","","","","","","","","","","","","","","","",NA,NA,0,NA,NA,NA
"574",574,NA,1,0,"","","","","","","","","","","","","","","","","","","",NA,NA,0,NA,NA,NA
"575",575,NA,1,0,"","","","","","","","","","","","","","","","","","","",NA,NA,0,NA,NA,NA
"576",576,NA,1,0,"","","","","","","","","","","","","","","","","","","",NA,NA,0,NA,NA,NA
"577",577,NA,1,0,"","","","","","","","","","","","","","","","","","","",NA,NA,0,NA,NA,NA
"578",578,NA,1,0,"","","","","","","","","","","","","","","","","","","",NA,NA,0,NA,NA,NA
"579",579,NA,1,0,"","","","","","","","","","","","","","","","","","","",NA,NA,0,NA,NA,NA
"580",580,NA,1,0,"","","","","","","","","","","","","","","","","","","",NA,NA,0,NA,NA,NA
"581",581,NA,1,0,"","","","","","","","","","","","","","","","","","","",NA,NA,0,NA,NA,NA
"582",582,NA,1,0,"","","","","","","","","","","","","","","","","","","",NA,NA,0,NA,NA,NA
"583",583,NA,1,0,"","","","","","","","","","","","","","","","","","","",NA,NA,0,NA,NA,NA
"584",584,NA,1,0,"","","","","","","","","","","","","","","","","","","",NA,NA,0,NA,NA,NA
"585",585,NA,1,0,"","","","","","","","","","","","","","","","","","","",NA,NA,0,NA,NA,NA
"586",586,NA,1,0,"","","","","","","","","","","","","","","","","","","",NA,NA,0,NA,NA,NA
"587",587,NA,1,0,"","","","","","","","","","","","","","","","","","","",NA,NA,0,NA,NA,NA
"588",588,NA,1,0,"","","","","","","","","","","","","","","","","","","",NA,NA,0,NA,NA,NA
"589",589,NA,1,0,"","","","","","","","","","","","","","","","","","","",NA,NA,0,NA,NA,NA
"590",590,NA,1,0,"","","","","","","","","","","","","","","","","","","",NA,NA,0,NA,NA,NA
"591",591,NA,1,0,"","","","","","","","","","","","","","","","","","","",NA,NA,0,NA,NA,NA
"592",592,NA,1,0,"","","","","","","","","","","","","","","","","","","",NA,NA,0,NA,NA,NA
"593",593,NA,1,0,"","","","","","","","","","","","","","","","","","","",NA,NA,0,NA,NA,NA
"594",594,NA,1,0,"","","","","","","","","","","","","","","","","","","",NA,NA,0,NA,NA,NA
"595",595,NA,1,0,"","","","","","","","","","","","","","","","","","","",NA,NA,0,NA,NA,NA
"596",596,NA,1,0,"","","","","","","","","","","","","","","","","","","",NA,NA,0,NA,NA,NA
"597",597,NA,1,0,"","","","","","","","","","","","","","","","","","","",NA,NA,0,NA,NA,NA
"598",598,NA,1,0,"","","","","","","","","","","","","","","","","","","",NA,NA,0,NA,NA,NA
"599",599,NA,1,0,"","","","","","","","","","","","","","","","","","","",NA,NA,0,NA,NA,NA
"600",600,NA,1,0,"","","","","","","","","","","","","","","","","","","",NA,NA,0,NA,NA,NA
"601",601,NA,1,0,"","","","","","","","","","","","","","","","","","","",NA,NA,0,NA,NA,NA
"602",602,NA,1,0,"","","","","","","","","","","","","","","","","","","",NA,NA,0,NA,NA,NA
"603",603,NA,1,0,"","","","","","","","","","","","","","","","","","","",NA,NA,0,NA,NA,NA
"604",604,NA,1,0,"","","","","","","","","","","","","","","","","","","",NA,NA,0,NA,NA,NA
"605",605,NA,1,0,"","","","","","","","","","","","","","","","","","","",NA,NA,0,NA,NA,NA
"606",606,NA,1,0,"","","","","","","","","","","","","","","","","","","",NA,NA,0,NA,NA,NA
"607",607,NA,1,0,"","","","","","","","","","","","","","","","","","","",NA,NA,0,NA,NA,NA
"608",608,NA,1,0,"","","","","","","","","","","","","","","","","","","",NA,NA,0,NA,NA,NA
"609",609,NA,1,0,"","","","","","","","","","","","","","","","","","","",NA,NA,0,NA,NA,NA
"610",610,NA,1,0,"","","","","","","","","","","","","","","","","","","",NA,NA,0,NA,NA,NA
"611",611,NA,1,0,"","","","","","","","","","","","","","","","","","","",NA,NA,0,NA,NA,NA
"612",612,NA,1,0,"","","","","","","","","","","","","","","","","","","",NA,NA,0,NA,NA,NA
"613",613,NA,1,0,"","","","","","","","","","","","","","","","","","","",NA,NA,0,NA,NA,NA
"614",614,NA,1,0,"","","","","","","","","","","","","","","","","","","",NA,NA,0,NA,NA,NA
"615",615,NA,1,0,"","","","","","","","","","","","","","","","","","","",NA,NA,0,NA,NA,NA
"616",616,NA,1,0,"","","","","","","","","","","","","","","","","","","",NA,NA,0,NA,NA,NA
"617",617,NA,1,0,"","","","","","","","","","","","","","","","","","","",NA,NA,0,NA,NA,NA
"618",618,NA,1,0,"","","","","","","","","","","","","","","","","","","",NA,NA,0,NA,NA,NA
"619",619,NA,1,0,"","","","","","","","","","","","","","","","","","","",NA,NA,0,NA,NA,NA
"620",620,NA,1,0,"","","","","","","","","","","","","","","","","","","",NA,NA,0,NA,NA,NA
"621",621,NA,1,0,"","","","","","","","","","","","","","","","","","","",NA,NA,0,NA,NA,NA
"622",622,NA,1,0,"","","","","","","","","","","","","","","","","","","",NA,NA,0,NA,NA,NA
"623",623,NA,1,0,"","","","","","","","","","","","","","","","","","","",NA,NA,0,NA,NA,NA
"624",624,NA,1,0,"","","","","","","","","","","","","","","","","","","",NA,NA,0,NA,NA,NA
"625",625,NA,1,0,"","","","","","","","","","","","","","","","","","","",NA,NA,0,NA,NA,NA
"626",626,NA,1,0,"","","","","","","","","","","","","","","","","","","",NA,NA,0,NA,NA,NA
"627",627,NA,1,0,"","","","","","","","","","","","","","","","","","","",NA,NA,0,NA,NA,NA
"628",628,NA,1,0,"","","","","","","","","","","","","","","","","","","",NA,NA,0,NA,NA,NA
"629",629,NA,1,0,"","","","","","","","","","","","","","","","","","","",NA,NA,0,NA,NA,NA
"630",630,NA,1,0,"","","","","","","","","","","","","","","","","","","",NA,NA,0,NA,NA,NA
"631",631,NA,1,0,"","","","","","","","","","","","","","","","","","","",NA,NA,0,NA,NA,NA
"632",632,NA,1,0,"","","","","","","","","","","","","","","","","","","",NA,NA,0,NA,NA,NA
"633",633,NA,1,0,"","","","","","","","","","","","","","","","","","","",NA,NA,0,NA,NA,NA
"634",634,NA,1,0,"","","","","","","","","","","","","","","","","","","",NA,NA,0,NA,NA,NA
"635",635,NA,1,0,"","","","","","","","","","","","","","","","","","","",NA,NA,0,NA,NA,NA
"636",636,NA,1,0,"","","","","","","","","","","","","","","","","","","",NA,NA,0,NA,NA,NA
"637",637,NA,1,0,"","","","","","","","","","","","","","","","","","","",NA,NA,0,NA,NA,NA
"638",638,NA,1,0,"","","","","","","","","","","","","","","","","","","",NA,NA,0,NA,NA,NA
"639",639,NA,1,0,"","","","","","","","","","","","","","","","","","","",NA,NA,0,NA,NA,NA
"640",640,NA,1,0,"","","","","","","","","","","","","","","","","","","",NA,NA,0,NA,NA,NA
"641",641,NA,1,0,"","","","","","","","","","","","","","","","","","","",NA,NA,0,NA,NA,NA
"642",642,NA,1,0,"","","","","","","","","","","","","","","","","","","",NA,NA,0,NA,NA,NA
"643",643,NA,1,0,"","","","","","","","","","","","","","","","","","","",NA,NA,0,NA,NA,NA
"644",644,NA,1,0,"","","","","","","","","","","","","","","","","","","",NA,NA,0,NA,NA,NA
"645",645,NA,1,0,"","","","","","","","","","","","","","","","","","","",NA,NA,0,NA,NA,NA
"646",646,NA,1,0,"","","","","","","","","","","","","","","","","","","",NA,NA,0,NA,NA,NA
"647",647,NA,1,0,"","","","","","","","","","","","","","","","","","","",NA,NA,0,NA,NA,NA
"648",648,NA,1,0,"","","","","","","","","","","","","","","","","","","",NA,NA,0,NA,NA,NA
"649",649,NA,1,0,"","","","","","","","","","","","","","","","","","","",NA,NA,0,NA,NA,NA
"650",650,NA,1,0,"","","","","","","","","","","","","","","","","","","",NA,NA,0,NA,NA,NA
"651",651,NA,1,0,"","","","","","","","","","","","","","","","","","","",NA,NA,0,NA,NA,NA
"652",652,NA,1,0,"","","","","","","","","","","","","","","","","","","",NA,NA,0,NA,NA,NA
"653",653,NA,1,0,"","","","","","","","","","","","","","","","","","","",NA,NA,0,NA,NA,NA
"654",654,NA,1,0,"","","","","","","","","","","","","","","","","","","",NA,NA,0,NA,NA,NA
"655",655,NA,1,0,"","","","","","","","","","","","","","","","","","","",NA,NA,0,NA,NA,NA
"656",656,NA,1,0,"","","","","","","","","","","","","","","","","","","",NA,NA,0,NA,NA,NA
"657",657,NA,1,0,"","","","","","","","","","","","","","","","","","","",NA,NA,0,NA,NA,NA
"658",658,NA,1,0,"","","","","","","","","","","","","","","","","","","",NA,NA,0,NA,NA,NA
"659",659,NA,1,0,"","","","","","","","","","","","","","","","","","","",NA,NA,0,NA,NA,NA
"660",660,NA,1,0,"","","","","","","","","","","","","","","","","","","",NA,NA,0,NA,NA,NA
"661",661,NA,1,0,"","","","","","","","","","","","","","","","","","","",NA,NA,0,NA,NA,NA
"662",662,NA,1,0,"","","","","","","","","","","","","","","","","","","",NA,NA,0,NA,NA,NA
"663",663,NA,1,0,"","","","","","","","","","","","","","","","","","","",NA,NA,0,NA,NA,NA
"664",664,NA,1,0,"","","","","","","","","","","","","","","","","","","",NA,NA,0,NA,NA,NA
"665",665,NA,1,0,"","","","","","","","","","","","","","","","","","","",NA,NA,0,NA,NA,NA
"666",666,NA,1,0,"","","","","","","","","","","","","","","","","","","",NA,NA,0,NA,NA,NA
"667",667,NA,1,0,"","","","","","","","","","","","","","","","","","","",NA,NA,0,NA,NA,NA
"668",668,NA,1,0,"","","","","","","","","","","","","","","","","","","",NA,NA,0,NA,NA,NA
"669",669,NA,1,0,"","","","","","","","","","","","","","","","","","","",NA,NA,0,NA,NA,NA
"670",670,NA,1,0,"","","","","","","","","","","","","","","","","","","",NA,NA,0,NA,NA,NA
"671",671,NA,1,0,"","","","","","","","","","","","","","","","","","","",NA,NA,0,NA,NA,NA
"672",672,NA,1,0,"","","","","","","","","","","","","","","","","","","",NA,NA,0,NA,NA,NA
"673",673,NA,1,0,"","","","","","","","","","","","","","","","","","","",NA,NA,0,NA,NA,NA
"674",674,NA,1,0,"","","","","","","","","","","","","","","","","","","",NA,NA,0,NA,NA,NA
"675",675,NA,1,0,"","","","","","","","","","","","","","","","","","","",NA,NA,0,NA,NA,NA
"676",676,NA,1,0,"","","","","","","","","","","","","","","","","","","",NA,NA,0,NA,NA,NA
"677",677,NA,1,0,"","","","","","","","","","","","","","","","","","","",NA,NA,0,NA,NA,NA
"678",678,NA,1,0,"","","","","","","","","","","","","","","","","","","",NA,NA,0,NA,NA,NA
"679",679,NA,1,0,"","","","","","","","","","","","","","","","","","","",NA,NA,0,NA,NA,NA
"680",680,NA,1,0,"","","","","","","","","","","","","","","","","","","",NA,NA,0,NA,NA,NA
"681",681,NA,1,0,"","","","","","","","","","","","","","","","","","","",NA,NA,0,NA,NA,NA
"682",682,NA,1,0,"","","","","","","","","","","","","","","","","","","",NA,NA,0,NA,NA,NA
"683",683,NA,1,0,"","","","","","","","","","","","","","","","","","","",NA,NA,0,NA,NA,NA
"684",684,NA,1,0,"","","","","","","","","","","","","","","","","","","",NA,NA,0,NA,NA,NA
"685",685,NA,1,0,"","","","","","","","","","","","","","","","","","","",NA,NA,0,NA,NA,NA
"686",686,NA,1,0,"","","","","","","","","","","","","","","","","","","",NA,NA,0,NA,NA,NA
"687",687,NA,1,0,"","","","","","","","","","","","","","","","","","","",NA,NA,0,NA,NA,NA
"688",688,NA,1,0,"","","","","","","","","","","","","","","","","","","",NA,NA,0,NA,NA,NA
"689",689,NA,1,0,"","","","","","","","","","","","","","","","","","","",NA,NA,0,NA,NA,NA
"690",690,NA,1,0,"","","","","","","","","","","","","","","","","","","",NA,NA,0,NA,NA,NA
"691",691,NA,1,0,"","","","","","","","","","","","","","","","","","","",NA,NA,0,NA,NA,NA
"692",692,NA,1,0,"","","","","","","","","","","","","","","","","","","",NA,NA,0,NA,NA,NA
"693",693,NA,1,0,"","","","","","","","","","","","","","","","","","","",NA,NA,0,NA,NA,NA
"694",694,NA,1,0,"","","","","","","","","","","","","","","","","","","",NA,NA,0,NA,NA,NA
"695",695,NA,1,0,"","","","","","","","","","","","","","","","","","","",NA,NA,0,NA,NA,NA
"696",696,NA,1,0,"","","","","","","","","","","","","","","","","","","",NA,NA,0,NA,NA,NA
"697",697,NA,1,0,"","","","","","","","","","","","","","","","","","","",NA,NA,0,NA,NA,NA
"698",698,NA,1,0,"","","","","","","","","","","","","","","","","","","",NA,NA,0,NA,NA,NA
"699",699,NA,1,0,"","","","","","","","","","","","","","","","","","","",NA,NA,0,NA,NA,NA
"700",700,NA,1,0,"","","","","","","","","","","","","","","","","","","",NA,NA,0,NA,NA,NA
"701",701,NA,1,0,"","","","","","","","","","","","","","","","","","","",NA,NA,0,NA,NA,NA
"702",702,NA,1,0,"","","","","","","","","","","","","","","","","","","",NA,NA,0,NA,NA,NA
"703",703,NA,1,0,"","","","","","","","","","","","","","","","","","","",NA,NA,0,NA,NA,NA
"704",704,NA,1,0,"","","","","","","","","","","","","","","","","","","",NA,NA,0,NA,NA,NA
"705",705,NA,1,0,"","","","","","","","","","","","","","","","","","","",NA,NA,0,NA,NA,NA
"706",706,NA,1,0,"","","","","","","","","","","","","","","","","","","",NA,NA,0,NA,NA,NA
"707",707,NA,1,0,"","","","","","","","","","","","","","","","","","","",NA,NA,0,NA,NA,NA
"708",708,NA,1,0,"","","","","","","","","","","","","","","","","","","",NA,NA,0,NA,NA,NA
"709",709,NA,1,0,"","","","","","","","","","","","","","","","","","","",NA,NA,0,NA,NA,NA
"710",710,NA,1,0,"","","","","","","","","","","","","","","","","","","",NA,NA,0,NA,NA,NA
"711",711,NA,1,0,"","","","","","","","","","","","","","","","","","","",NA,NA,0,NA,NA,NA
"712",712,NA,1,0,"","","","","","","","","","","","","","","","","","","",NA,NA,0,NA,NA,NA
"713",713,NA,1,0,"","","","","","","","","","","","","","","","","","","",NA,NA,0,NA,NA,NA
"714",714,NA,1,0,"","","","","","","","","","","","","","","","","","","",NA,NA,0,NA,NA,NA
"715",715,NA,1,0,"","","","","","","","","","","","","","","","","","","",NA,NA,0,NA,NA,NA
"716",716,NA,1,0,"","","","","","","","","","","","","","","","","","","",NA,NA,0,NA,NA,NA
"717",717,NA,1,0,"","","","","","","","","","","","","","","","","","","",NA,NA,0,NA,NA,NA
"718",718,NA,1,0,"","","","","","","","","","","","","","","","","","","",NA,NA,0,NA,NA,NA
"719",719,NA,1,0,"","","","","","","","","","","","","","","","","","","",NA,NA,0,NA,NA,NA
"720",720,NA,1,0,"","","","","","","","","","","","","","","","","","","",NA,NA,0,NA,NA,NA
"721",721,NA,1,0,"","","","","","","","","","","","","","","","","","","",NA,NA,0,NA,NA,NA
"722",722,NA,1,0,"","","","","","","","","","","","","","","","","","","",NA,NA,0,NA,NA,NA
"723",723,NA,1,0,"","","","","","","","","","","","","","","","","","","",NA,NA,0,NA,NA,NA
"724",724,NA,1,0,"","","","","","","","","","","","","","","","","","","",NA,NA,0,NA,NA,NA
"725",725,NA,1,0,"","","","","","","","","","","","","","","","","","","",NA,NA,0,NA,NA,NA
"726",726,NA,1,0,"","","","","","","","","","","","","","","","","","","",NA,NA,0,NA,NA,NA
"727",727,NA,1,0,"","","","","","","","","","","","","","","","","","","",NA,NA,0,NA,NA,NA
"728",728,NA,1,0,"","","","","","","","","","","","","","","","","","","",NA,NA,0,NA,NA,NA
"729",729,NA,1,0,"","","","","","","","","","","","","","","","","","","",NA,NA,0,NA,NA,NA
"730",730,NA,1,0,"","","","","","","","","","","","","","","","","","","",NA,NA,0,NA,NA,NA
"731",731,NA,1,0,"","","","","","","","","","","","","","","","","","","",NA,NA,0,NA,NA,NA
"732",732,NA,1,0,"","","","","","","","","","","","","","","","","","","",NA,NA,0,NA,NA,NA
"733",733,NA,1,0,"","","","","","","","","","","","","","","","","","","",NA,NA,0,NA,NA,NA
"734",734,NA,1,0,"","","","","","","","","","","","","","","","","","","",NA,NA,0,NA,NA,NA
"735",735,NA,1,0,"","","","","","","","","","","","","","","","","","","",NA,NA,0,NA,NA,NA
"736",736,NA,1,0,"","","","","","","","","","","","","","","","","","","",NA,NA,0,NA,NA,NA
"737",737,NA,1,0,"","","","","","","","","","","","","","","","","","","",NA,NA,0,NA,NA,NA
"738",738,NA,1,0,"","","","","","","","","","","","","","","","","","","",NA,NA,0,NA,NA,NA
"739",739,NA,1,0,"","","","","","","","","","","","","","","","","","","",NA,NA,0,NA,NA,NA
"740",740,NA,1,0,"","","","","","","","","","","","","","","","","","","",NA,NA,0,NA,NA,NA
"741",741,NA,1,0,"","","","","","","","","","","","","","","","","","","",NA,NA,0,NA,NA,NA
"742",742,NA,1,0,"","","","","","","","","","","","","","","","","","","",NA,NA,0,NA,NA,NA
"743",743,NA,1,0,"","","","","","","","","","","","","","","","","","","",NA,NA,0,NA,NA,NA
"744",744,NA,1,0,"","","","","","","","","","","","","","","","","","","",NA,NA,0,NA,NA,NA
"745",745,NA,1,0,"","","","","","","","","","","","","","","","","","","",NA,NA,0,NA,NA,NA
"746",746,NA,1,0,"","","","","","","","","","","","","","","","","","","",NA,NA,0,NA,NA,NA
"747",747,NA,1,0,"","","","","","","","","","","","","","","","","","","",NA,NA,0,NA,NA,NA
"748",748,NA,1,0,"","","","","","","","","","","","","","","","","","","",NA,NA,0,NA,NA,NA
"749",749,NA,1,0,"","","","","","","","","","","","","","","","","","","",NA,NA,0,NA,NA,NA
"750",750,NA,1,0,"","","","","","","","","","","","","","","","","","","",NA,NA,0,NA,NA,NA
"751",751,NA,1,0,"","","","","","","","","","","","","","","","","","","",NA,NA,0,NA,NA,NA
"752",752,NA,1,0,"","","","","","","","","","","","","","","","","","","",NA,NA,0,NA,NA,NA
"753",753,NA,1,0,"","","","","","","","","","","","","","","","","","","",NA,NA,0,NA,NA,NA
"754",754,NA,1,0,"","","","","","","","","","","","","","","","","","","",NA,NA,0,NA,NA,NA
"755",755,NA,1,0,"","","","","","","","","","","","","","","","","","","",NA,NA,0,NA,NA,NA
"756",756,NA,1,0,"","","","","","","","","","","","","","","","","","","",NA,NA,0,NA,NA,NA
"757",757,NA,1,0,"","","","","","","","","","","","","","","","","","","",NA,NA,0,NA,NA,NA
"758",758,NA,1,0,"","","","","","","","","","","","","","","","","","","",NA,NA,0,NA,NA,NA
"759",759,NA,1,0,"","","","","","","","","","","","","","","","","","","",NA,NA,0,NA,NA,NA
"760",760,NA,1,0,"","","","","","","","","","","","","","","","","","","",NA,NA,0,NA,NA,NA
"761",761,NA,1,0,"","","","","","","","","","","","","","","","","","","",NA,NA,0,NA,NA,NA
"762",762,NA,1,0,"","","","","","","","","","","","","","","","","","","",NA,NA,0,NA,NA,NA
"763",763,NA,1,0,"","","","","","","","","","","","","","","","","","","",NA,NA,0,NA,NA,NA
"764",764,NA,1,0,"","","","","","","","","","","","","","","","","","","",NA,NA,0,NA,NA,NA
"765",765,NA,1,0,"","","","","","","","","","","","","","","","","","","",NA,NA,0,NA,NA,NA
"766",766,NA,1,0,"","","","","","","","","","","","","","","","","","","",NA,NA,0,NA,NA,NA
"767",767,NA,1,0,"","","","","","","","","","","","","","","","","","","",NA,NA,0,NA,NA,NA
"768",768,NA,1,0,"","","","","","","","","","","","","","","","","","","",NA,NA,0,NA,NA,NA
"769",769,NA,1,0,"","","","","","","","","","","","","","","","","","","",NA,NA,0,NA,NA,NA
"770",770,NA,1,0,"","","","","","","","","","","","","","","","","","","",NA,NA,0,NA,NA,NA
"771",771,NA,1,0,"","","","","","","","","","","","","","","","","","","",NA,NA,0,NA,NA,NA
"772",772,NA,1,0,"","","","","","","","","","","","","","","","","","","",NA,NA,0,NA,NA,NA
"773",773,NA,1,0,"","","","","","","","","","","","","","","","","","","",NA,NA,0,NA,NA,NA
"774",774,NA,1,0,"","","","","","","","","","","","","","","","","","","",NA,NA,0,NA,NA,NA
"775",775,NA,1,0,"","","","","","","","","","","","","","","","","","","",NA,NA,0,NA,NA,NA
"776",776,NA,1,0,"","","","","","","","","","","","","","","","","","","",NA,NA,0,NA,NA,NA
"777",777,NA,1,0,"","","","","","","","","","","","","","","","","","","",NA,NA,0,NA,NA,NA
"778",778,NA,1,0,"","","","","","","","","","","","","","","","","","","",NA,NA,0,NA,NA,NA
"779",779,NA,1,0,"","","","","","","","","","","","","","","","","","","",NA,NA,0,NA,NA,NA
"780",780,NA,1,0,"","","","","","","","","","","","","","","","","","","",NA,NA,0,NA,NA,NA
"781",781,NA,1,0,"","","","","","","","","","","","","","","","","","","",NA,NA,0,NA,NA,NA
"782",782,NA,1,0,"","","","","","","","","","","","","","","","","","","",NA,NA,0,NA,NA,NA
"783",783,NA,1,0,"","","","","","","","","","","","","","","","","","","",NA,NA,0,NA,NA,NA
"784",784,NA,1,0,"","","","","","","","","","","","","","","","","","","",NA,NA,0,NA,NA,NA
"785",785,NA,1,0,"","","","","","","","","","","","","","","","","","","",NA,NA,0,NA,NA,NA
"786",786,NA,1,0,"","","","","","","","","","","","","","","","","","","",NA,NA,0,NA,NA,NA
"787",787,NA,1,0,"","","","","","","","","","","","","","","","","","","",NA,NA,0,NA,NA,NA
"788",788,NA,1,0,"","","","","","","","","","","","","","","","","","","",NA,NA,0,NA,NA,NA
"789",789,NA,1,0,"","","","","","","","","","","","","","","","","","","",NA,NA,0,NA,NA,NA
"790",790,NA,1,0,"","","","","","","","","","","","","","","","","","","",NA,NA,0,NA,NA,NA
"791",791,NA,1,0,"","","","","","","","","","","","","","","","","","","",NA,NA,0,NA,NA,NA
"792",792,NA,1,0,"","","","","","","","","","","","","","","","","","","",NA,NA,0,NA,NA,NA
"793",793,NA,1,0,"","","","","","","","","","","","","","","","","","","",NA,NA,0,NA,NA,NA
"794",794,NA,1,0,"","","","","","","","","","","","","","","","","","","",NA,NA,0,NA,NA,NA
"795",795,NA,1,0,"","","","","","","","","","","","","","","","","","","",NA,NA,0,NA,NA,NA
"796",796,NA,1,0,"","","","","","","","","","","","","","","","","","","",NA,NA,0,NA,NA,NA
"797",797,NA,1,0,"","","","","","","","","","","","","","","","","","","",NA,NA,0,NA,NA,NA
"798",798,NA,1,0,"","","","","","","","","","","","","","","","","","","",NA,NA,0,NA,NA,NA
"799",799,NA,1,0,"","","","","","","","","","","","","","","","","","","",NA,NA,0,NA,NA,NA
"800",800,NA,1,0,"","","","","","","","","","","","","","","","","","","",NA,NA,0,NA,NA,NA
"801",801,NA,1,0,"","","","","","","","","","","","","","","","","","","",NA,NA,0,NA,NA,NA
"802",802,NA,1,0,"","","","","","","","","","","","","","","","","","","",NA,NA,0,NA,NA,NA
"803",803,NA,1,0,"","","","","","","","","","","","","","","","","","","",NA,NA,0,NA,NA,NA
"804",804,NA,1,0,"","","","","","","","","","","","","","","","","","","",NA,NA,0,NA,NA,NA
"805",805,NA,1,0,"","","","","","","","","","","","","","","","","","","",NA,NA,0,NA,NA,NA
"806",806,NA,1,0,"","","","","","","","","","","","","","","","","","","",NA,NA,0,NA,NA,NA
"807",807,NA,1,0,"","","","","","","","","","","","","","","","","","","",NA,NA,0,NA,NA,NA
"808",808,NA,1,0,"","","","","","","","","","","","","","","","","","","",NA,NA,0,NA,NA,NA
"809",809,NA,1,0,"","","","","","","","","","","","","","","","","","","",NA,NA,0,NA,NA,NA
"810",810,NA,1,0,"","","","","","","","","","","","","","","","","","","",NA,NA,0,NA,NA,NA
"811",811,NA,1,0,"","","","","","","","","","","","","","","","","","","",NA,NA,0,NA,NA,NA
"812",812,NA,1,0,"","","","","","","","","","","","","","","","","","","",NA,NA,0,NA,NA,NA
"813",813,NA,1,0,"","","","","","","","","","","","","","","","","","","",NA,NA,0,NA,NA,NA
"814",814,NA,1,0,"","","","","","","","","","","","","","","","","","","",NA,NA,0,NA,NA,NA
"815",815,NA,1,0,"","","","","","","","","","","","","","","","","","","",NA,NA,0,NA,NA,NA
"816",816,NA,1,0,"","","","","","","","","","","","","","","","","","","",NA,NA,0,NA,NA,NA
"817",817,NA,1,0,"","","","","","","","","","","","","","","","","","","",NA,NA,0,NA,NA,NA
"818",818,NA,1,0,"","","","","","","","","","","","","","","","","","","",NA,NA,0,NA,NA,NA
"819",819,NA,1,0,"","","","","","","","","","","","","","","","","","","",NA,NA,0,NA,NA,NA
"820",820,NA,1,0,"","","","","","","","","","","","","","","","","","","",NA,NA,0,NA,NA,NA
"821",821,NA,1,0,"","","","","","","","","","","","","","","","","","","",NA,NA,0,NA,NA,NA
"822",822,NA,1,0,"","","","","","","","","","","","","","","","","","","",NA,NA,0,NA,NA,NA
"823",823,NA,1,0,"","","","","","","","","","","","","","","","","","","",NA,NA,0,NA,NA,NA
"824",824,NA,1,0,"","","","","","","","","","","","","","","","","","","",NA,NA,0,NA,NA,NA
"825",825,NA,1,0,"","","","","","","","","","","","","","","","","","","",NA,NA,0,NA,NA,NA
"826",826,NA,1,0,"","","","","","","","","","","","","","","","","","","",NA,NA,0,NA,NA,NA
"827",827,NA,1,0,"","","","","","","","","","","","","","","","","","","",NA,NA,0,NA,NA,NA
"828",828,NA,1,0,"","","","","","","","","","","","","","","","","","","",NA,NA,0,NA,NA,NA
"829",829,NA,1,0,"","","","","","","","","","","","","","","","","","","",NA,NA,0,NA,NA,NA
"830",830,NA,1,0,"","","","","","","","","","","","","","","","","","","",NA,NA,0,NA,NA,NA
"831",831,NA,1,0,"","","","","","","","","","","","","","","","","","","",NA,NA,0,NA,NA,NA
"832",832,NA,1,0,"","","","","","","","","","","","","","","","","","","",NA,NA,0,NA,NA,NA
"833",833,NA,1,0,"","","","","","","","","","","","","","","","","","","",NA,NA,0,NA,NA,NA
"834",834,NA,1,0,"","","","","","","","","","","","","","","","","","","",NA,NA,0,NA,NA,NA
"835",835,NA,1,0,"","","","","","","","","","","","","","","","","","","",NA,NA,0,NA,NA,NA
"836",836,NA,1,0,"","","","","","","","","","","","","","","","","","","",NA,NA,0,NA,NA,NA
"837",837,NA,1,0,"","","","","","","","","","","","","","","","","","","",NA,NA,0,NA,NA,NA
"838",838,NA,1,0,"","","","","","","","","","","","","","","","","","","",NA,NA,0,NA,NA,NA
"839",839,NA,1,0,"","","","","","","","","","","","","","","","","","","",NA,NA,0,NA,NA,NA
"840",840,NA,1,0,"","","","","","","","","","","","","","","","","","","",NA,NA,0,NA,NA,NA
"841",841,NA,1,0,"","","","","","","","","","","","","","","","","","","",NA,NA,0,NA,NA,NA
"842",842,NA,1,0,"","","","","","","","","","","","","","","","","","","",NA,NA,0,NA,NA,NA
"843",843,NA,1,0,"","","","","","","","","","","","","","","","","","","",NA,NA,0,NA,NA,NA
"844",844,NA,1,0,"","","","","","","","","","","","","","","","","","","",NA,NA,0,NA,NA,NA
"845",845,NA,1,0,"","","","","","","","","","","","","","","","","","","",NA,NA,0,NA,NA,NA
"846",846,NA,1,0,"","","","","","","","","","","","","","","","","","","",NA,NA,0,NA,NA,NA
"847",847,NA,1,0,"","","","","","","","","","","","","","","","","","","",NA,NA,0,NA,NA,NA
"848",848,NA,1,0,"","","","","","","","","","","","","","","","","","","",NA,NA,0,NA,NA,NA
"849",849,NA,1,0,"","","","","","","","","","","","","","","","","","","",NA,NA,0,NA,NA,NA
"850",850,NA,1,0,"","","","","","","","","","","","","","","","","","","",NA,NA,0,NA,NA,NA
"851",851,NA,1,0,"","","","","","","","","","","","","","","","","","","",NA,NA,0,NA,NA,NA
"852",852,NA,1,0,"","","","","","","","","","","","","","","","","","","",NA,NA,0,NA,NA,NA
"853",853,NA,1,0,"","","","","","","","","","","","","","","","","","","",NA,NA,0,NA,NA,NA
"854",854,NA,1,0,"","","","","","","","","","","","","","","","","","","",NA,NA,0,NA,NA,NA
"855",855,NA,1,0,"","","","","","","","","","","","","","","","","","","",NA,NA,0,NA,NA,NA
"856",856,NA,1,0,"","","","","","","","","","","","","","","","","","","",NA,NA,0,NA,NA,NA
"857",857,NA,1,0,"","","","","","","","","","","","","","","","","","","",NA,NA,0,NA,NA,NA
"858",858,NA,1,0,"","","","","","","","","","","","","","","","","","","",NA,NA,0,NA,NA,NA
"859",859,NA,1,0,"","","","","","","","","","","","","","","","","","","",NA,NA,0,NA,NA,NA
"860",860,NA,1,0,"","","","","","","","","","","","","","","","","","","",NA,NA,0,NA,NA,NA
"861",861,NA,1,0,"","","","","","","","","","","","","","","","","","","",NA,NA,0,NA,NA,NA
"862",862,NA,1,0,"","","","","","","","","","","","","","","","","","","",NA,NA,0,NA,NA,NA
"863",863,NA,1,0,"","","","","","","","","","","","","","","","","","","",NA,NA,0,NA,NA,NA
"864",864,NA,1,0,"","","","","","","","","","","","","","","","","","","",NA,NA,0,NA,NA,NA
"865",865,NA,1,0,"","","","","","","","","","","","","","","","","","","",NA,NA,0,NA,NA,NA
"866",866,NA,1,0,"","","","","","","","","","","","","","","","","","","",NA,NA,0,NA,NA,NA
"867",867,NA,1,0,"","","","","","","","","","","","","","","","","","","",NA,NA,0,NA,NA,NA
"868",868,NA,1,0,"","","","","","","","","","","","","","","","","","","",NA,NA,0,NA,NA,NA
"869",869,NA,1,0,"","","","","","","","","","","","","","","","","","","",NA,NA,0,NA,NA,NA
"870",870,NA,1,0,"","","","","","","","","","","","","","","","","","","",NA,NA,0,NA,NA,NA
"871",871,NA,1,0,"","","","","","","","","","","","","","","","","","","",NA,NA,0,NA,NA,NA
"872",872,NA,1,0,"","","","","","","","","","","","","","","","","","","",NA,NA,0,NA,NA,NA
"873",873,NA,1,0,"","","","","","","","","","","","","","","","","","","",NA,NA,0,NA,NA,NA
"874",874,NA,1,0,"","","","","","","","","","","","","","","","","","","",NA,NA,0,NA,NA,NA
"875",875,NA,1,0,"","","","","","","","","","","","","","","","","","","",NA,NA,0,NA,NA,NA
"876",876,NA,1,0,"","","","","","","","","","","","","","","","","","","",NA,NA,0,NA,NA,NA
"877",877,NA,1,0,"","","","","","","","","","","","","","","","","","","",NA,NA,0,NA,NA,NA
"878",878,NA,1,0,"","","","","","","","","","","","","","","","","","","",NA,NA,0,NA,NA,NA
"879",879,NA,1,0,"","","","","","","","","","","","","","","","","","","",NA,NA,0,NA,NA,NA
"880",880,NA,1,0,"","","","","","","","","","","","","","","","","","","",NA,NA,0,NA,NA,NA
"881",881,NA,1,0,"","","","","","","","","","","","","","","","","","","",NA,NA,0,NA,NA,NA
"882",882,NA,1,0,"","","","","","","","","","","","","","","","","","","",NA,NA,0,NA,NA,NA
"883",883,NA,1,0,"","","","","","","","","","","","","","","","","","","",NA,NA,0,NA,NA,NA
"884",884,NA,1,0,"","","","","","","","","","","","","","","","","","","",NA,NA,0,NA,NA,NA
"885",885,NA,1,0,"","","","","","","","","","","","","","","","","","","",NA,NA,0,NA,NA,NA
"886",886,NA,1,0,"","","","","","","","","","","","","","","","","","","",NA,NA,0,NA,NA,NA
"887",887,NA,1,0,"","","","","","","","","","","","","","","","","","","",NA,NA,0,NA,NA,NA
"888",888,NA,1,0,"","","","","","","","","","","","","","","","","","","",NA,NA,0,NA,NA,NA
"889",889,NA,1,0,"","","","","","","","","","","","","","","","","","","",NA,NA,0,NA,NA,NA
"890",890,NA,1,0,"","","","","","","","","","","","","","","","","","","",NA,NA,0,NA,NA,NA
"891",891,NA,1,0,"","","","","","","","","","","","","","","","","","","",NA,NA,0,NA,NA,NA
"892",892,NA,1,0,"","","","","","","","","","","","","","","","","","","",NA,NA,0,NA,NA,NA
"893",893,NA,1,0,"","","","","","","","","","","","","","","","","","","",NA,NA,0,NA,NA,NA
"894",894,NA,1,0,"","","","","","","","","","","","","","","","","","","",NA,NA,0,NA,NA,NA
"895",895,NA,1,0,"","","","","","","","","","","","","","","","","","","",NA,NA,0,NA,NA,NA
"896",896,NA,1,0,"","","","","","","","","","","","","","","","","","","",NA,NA,0,NA,NA,NA
"897",897,NA,1,0,"","","","","","","","","","","","","","","","","","","",NA,NA,0,NA,NA,NA
"898",898,NA,1,0,"","","","","","","","","","","","","","","","","","","",NA,NA,0,NA,NA,NA
"899",899,NA,1,0,"","","","","","","","","","","","","","","","","","","",NA,NA,0,NA,NA,NA
"900",900,NA,1,0,"","","","","","","","","","","","","","","","","","","",NA,NA,0,NA,NA,NA
"901",901,NA,1,0,"","","","","","","","","","","","","","","","","","","",NA,NA,0,NA,NA,NA
"902",902,NA,1,0,"","","","","","","","","","","","","","","","","","","",NA,NA,0,NA,NA,NA
"903",903,NA,1,0,"","","","","","","","","","","","","","","","","","","",NA,NA,0,NA,NA,NA
"904",904,NA,1,0,"","","","","","","","","","","","","","","","","","","",NA,NA,0,NA,NA,NA
"905",905,NA,1,0,"","","","","","","","","","","","","","","","","","","",NA,NA,0,NA,NA,NA
"906",906,NA,1,0,"","","","","","","","","","","","","","","","","","","",NA,NA,0,NA,NA,NA
"907",907,NA,1,0,"","","","","","","","","","","","","","","","","","","",NA,NA,0,NA,NA,NA
"908",908,NA,1,0,"","","","","","","","","","","","","","","","","","","",NA,NA,0,NA,NA,NA
"909",909,NA,1,0,"","","","","","","","","","","","","","","","","","","",NA,NA,0,NA,NA,NA
"910",910,NA,1,0,"","","","","","","","","","","","","","","","","","","",NA,NA,0,NA,NA,NA
"911",911,NA,1,0,"","","","","","","","","","","","","","","","","","","",NA,NA,0,NA,NA,NA
"912",912,NA,1,0,"","","","","","","","","","","","","","","","","","","",NA,NA,0,NA,NA,NA
"913",913,NA,1,0,"","","","","","","","","","","","","","","","","","","",NA,NA,0,NA,NA,NA
"914",914,NA,1,0,"","","","","","","","","","","","","","","","","","","",NA,NA,0,NA,NA,NA
"915",915,NA,1,0,"","","","","","","","","","","","","","","","","","","",NA,NA,0,NA,NA,NA
"916",916,NA,1,0,"","","","","","","","","","","","","","","","","","","",NA,NA,0,NA,NA,NA
"917",917,NA,1,0,"","","","","","","","","","","","","","","","","","","",NA,NA,0,NA,NA,NA
"918",918,NA,1,0,"","","","","","","","","","","","","","","","","","","",NA,NA,0,NA,NA,NA
"919",919,NA,1,0,"","","","","","","","","","","","","","","","","","","",NA,NA,0,NA,NA,NA
"920",920,NA,1,0,"","","","","","","","","","","","","","","","","","","",NA,NA,0,NA,NA,NA
"921",921,NA,1,0,"","","","","","","","","","","","","","","","","","","",NA,NA,0,NA,NA,NA
"922",922,NA,1,0,"","","","","","","","","","","","","","","","","","","",NA,NA,0,NA,NA,NA
"923",923,NA,1,0,"","","","","","","","","","","","","","","","","","","",NA,NA,0,NA,NA,NA
"924",924,NA,1,0,"","","","","","","","","","","","","","","","","","","",NA,NA,0,NA,NA,NA
"925",925,NA,1,0,"","","","","","","","","","","","","","","","","","","",NA,NA,0,NA,NA,NA
"926",926,NA,1,0,"","","","","","","","","","","","","","","","","","","",NA,NA,0,NA,NA,NA
"927",927,NA,1,0,"","","","","","","","","","","","","","","","","","","",NA,NA,0,NA,NA,NA
"928",928,NA,1,0,"","","","","","","","","","","","","","","","","","","",NA,NA,0,NA,NA,NA
"929",929,NA,1,0,"","","","","","","","","","","","","","","","","","","",NA,NA,0,NA,NA,NA
"930",930,NA,1,0,"","","","","","","","","","","","","","","","","","","",NA,NA,0,NA,NA,NA
"931",931,NA,1,0,"","","","","","","","","","","","","","","","","","","",NA,NA,0,NA,NA,NA
"932",932,NA,1,0,"","","","","","","","","","","","","","","","","","","",NA,NA,0,NA,NA,NA
"933",933,NA,1,0,"","","","","","","","","","","","","","","","","","","",NA,NA,0,NA,NA,NA
"934",934,NA,1,0,"","","","","","","","","","","","","","","","","","","",NA,NA,0,NA,NA,NA
"935",935,NA,1,0,"","","","","","","","","","","","","","","","","","","",NA,NA,0,NA,NA,NA
"936",936,NA,1,0,"","","","","","","","","","","","","","","","","","","",NA,NA,0,NA,NA,NA
"937",937,NA,1,0,"","","","","","","","","","","","","","","","","","","",NA,NA,0,NA,NA,NA
"938",938,NA,1,0,"","","","","","","","","","","","","","","","","","","",NA,NA,0,NA,NA,NA
"939",939,NA,1,0,"","","","","","","","","","","","","","","","","","","",NA,NA,0,NA,NA,NA
"940",940,NA,1,0,"","","","","","","","","","","","","","","","","","","",NA,NA,0,NA,NA,NA
"941",941,NA,1,0,"","","","","","","","","","","","","","","","","","","",NA,NA,0,NA,NA,NA
"942",942,NA,1,0,"","","","","","","","","","","","","","","","","","","",NA,NA,0,NA,NA,NA
"943",943,NA,1,0,"","","","","","","","","","","","","","","","","","","",NA,NA,0,NA,NA,NA
"944",944,NA,1,0,"","","","","","","","","","","","","","","","","","","",NA,NA,0,NA,NA,NA
"945",945,NA,1,0,"","","","","","","","","","","","","","","","","","","",NA,NA,0,NA,NA,NA
"946",946,NA,1,0,"","","","","","","","","","","","","","","","","","","",NA,NA,0,NA,NA,NA
"947",947,NA,1,0,"","","","","","","","","","","","","","","","","","","",NA,NA,0,NA,NA,NA
"948",948,NA,1,0,"","","","","","","","","","","","","","","","","","","",NA,NA,0,NA,NA,NA
"949",949,NA,1,0,"","","","","","","","","","","","","","","","","","","",NA,NA,0,NA,NA,NA
"950",950,NA,1,0,"","","","","","","","","","","","","","","","","","","",NA,NA,0,NA,NA,NA
"951",951,NA,1,0,"","","","","","","","","","","","","","","","","","","",NA,NA,0,NA,NA,NA
"952",952,NA,1,0,"","","","","","","","","","","","","","","","","","","",NA,NA,0,NA,NA,NA
"953",953,NA,1,0,"","","","","","","","","","","","","","","","","","","",NA,NA,0,NA,NA,NA
"954",954,NA,1,0,"","","","","","","","","","","","","","","","","","","",NA,NA,0,NA,NA,NA
"955",955,NA,1,0,"","","","","","","","","","","","","","","","","","","",NA,NA,0,NA,NA,NA
"956",956,NA,1,0,"","","","","","","","","","","","","","","","","","","",NA,NA,0,NA,NA,NA
"957",957,NA,1,0,"","","","","","","","","","","","","","","","","","","",NA,NA,0,NA,NA,NA
"958",958,NA,1,0,"","","","","","","","","","","","","","","","","","","",NA,NA,0,NA,NA,NA
"959",959,NA,1,0,"","","","","","","","","","","","","","","","","","","",NA,NA,0,NA,NA,NA
"960",960,NA,1,0,"","","","","","","","","","","","","","","","","","","",NA,NA,0,NA,NA,NA
"961",961,NA,1,0,"","","","","","","","","","","","","","","","","","","",NA,NA,0,NA,NA,NA
"962",962,NA,1,0,"","","","","","","","","","","","","","","","","","","",NA,NA,0,NA,NA,NA
"963",963,NA,1,0,"","","","","","","","","","","","","","","","","","","",NA,NA,0,NA,NA,NA
"964",964,NA,1,0,"","","","","","","","","","","","","","","","","","","",NA,NA,0,NA,NA,NA
"965",965,NA,1,0,"","","","","","","","","","","","","","","","","","","",NA,NA,0,NA,NA,NA
"966",966,NA,1,0,"","","","","","","","","","","","","","","","","","","",NA,NA,0,NA,NA,NA
"967",967,NA,1,0,"","","","","","","","","","","","","","","","","","","",NA,NA,0,NA,NA,NA
"968",968,NA,1,0,"","","","","","","","","","","","","","","","","","","",NA,NA,0,NA,NA,NA
"969",969,NA,1,0,"","","","","","","","","","","","","","","","","","","",NA,NA,0,NA,NA,NA
"970",970,NA,1,0,"","","","","","","","","","","","","","","","","","","",NA,NA,0,NA,NA,NA
"971",971,NA,1,0,"","","","","","","","","","","","","","","","","","","",NA,NA,0,NA,NA,NA
"972",972,NA,1,0,"","","","","","","","","","","","","","","","","","","",NA,NA,0,NA,NA,NA
"973",973,NA,1,0,"","","","","","","","","","","","","","","","","","","",NA,NA,0,NA,NA,NA
"974",974,NA,1,0,"","","","","","","","","","","","","","","","","","","",NA,NA,0,NA,NA,NA
"975",975,NA,1,0,"","","","","","","","","","","","","","","","","","","",NA,NA,0,NA,NA,NA
"976",976,NA,1,0,"","","","","","","","","","","","","","","","","","","",NA,NA,0,NA,NA,NA
"977",977,NA,1,0,"","","","","","","","","","","","","","","","","","","",NA,NA,0,NA,NA,NA
"978",978,NA,1,0,"","","","","","","","","","","","","","","","","","","",NA,NA,0,NA,NA,NA
"979",979,NA,1,0,"","","","","","","","","","","","","","","","","","","",NA,NA,0,NA,NA,NA
"980",980,NA,1,0,"","","","","","","","","","","","","","","","","","","",NA,NA,0,NA,NA,NA
"981",981,NA,1,0,"","","","","","","","","","","","","","","","","","","",NA,NA,0,NA,NA,NA
"982",982,NA,1,0,"","","","","","","","","","","","","","","","","","","",NA,NA,0,NA,NA,NA
"983",983,NA,1,0,"","","","","","","","","","","","","","","","","","","",NA,NA,0,NA,NA,NA
"984",984,NA,1,0,"","","","","","","","","","","","","","","","","","","",NA,NA,0,NA,NA,NA
"985",985,NA,1,0,"","","","","","","","","","","","","","","","","","","",NA,NA,0,NA,NA,NA
"986",986,NA,1,0,"","","","","","","","","","","","","","","","","","","",NA,NA,0,NA,NA,NA
"987",987,NA,1,0,"","","","","","","","","","","","","","","","","","","",NA,NA,0,NA,NA,NA
"988",988,NA,1,0,"","","","","","","","","","","","","","","","","","","",NA,NA,0,NA,NA,NA
"989",989,NA,1,0,"","","","","","","","","","","","","","","","","","","",NA,NA,0,NA,NA,NA
"990",990,NA,1,0,"","","","","","","","","","","","","","","","","","","",NA,NA,0,NA,NA,NA
"991",991,NA,1,0,"","","","","","","","","","","","","","","","","","","",NA,NA,0,NA,NA,NA
"992",992,NA,1,0,"","","","","","","","","","","","","","","","","","","",NA,NA,0,NA,NA,NA
"993",993,NA,1,0,"","","","","","","","","","","","","","","","","","","",NA,NA,0,NA,NA,NA
"994",994,NA,1,0,"","","","","","","","","","","","","","","","","","","",NA,NA,0,NA,NA,NA
"995",995,NA,1,0,"","","","","","","","","","","","","","","","","","","",NA,NA,0,NA,NA,NA
"996",996,NA,1,0,"","","","","","","","","","","","","","","","","","","",NA,NA,0,NA,NA,NA
"997",997,NA,1,0,"","","","","","","","","","","","","","","","","","","",NA,NA,0,NA,NA,NA
"998",998,NA,1,0,"","","","","","","","","","","","","","","","","","","",NA,NA,0,NA,NA,NA
"999",999,NA,1,0,"","","","","","","","","","","","","","","","","","","",NA,NA,0,NA,NA,NA
"1000",1000,NA,1,0,"","","","","","","","","","","","","","","","","","","",NA,NA,0,NA,NA,NA
