"","PMnumber","Strain","Box","Position","TubeII","TubeIII","TubeIV","duplicates","beingFrozen"
"1",1,"wPM001",1,1,"Y","Y","Y","",""
"2",2,"wPM002",1,2,"Y","Y","Y","",""
"3",3,"wPM003",1,3,"Y","Y","Y","",""
"4",4,"wPM004",1,4,"Y","Y","Y","yes",""
"5",5,"wPM005",1,5,"Y","Y","Y","",""
"6",6,"wPM006",1,6,"Y","Y","Y","",""
"7",7,"wPM007",1,7,"Y","Y","Y","",""
"8",8,"wPM008",1,8,"Y","","Y","yes",""
"9",9,"wPM009",1,9,"Y","Y","Y","",""
"10",10,"wPM010",1,10,"Y","Y","Y","yes",""
"11",11,"wPM011",1,11,"Y","Y","Y","",""
"12",12,"wPM012",1,12,"Y","Y","Y","",""
"13",13,"wPM013",1,13,"Y","Y","Y","",""
"14",14,"wPM014",1,14,"Y","Y","Y","",""
"15",15,"wPM015",1,15,"Y","Y","","",""
"16",16,"wPM016",1,16,"Y","Y","Y","",""
"17",17,"wPM017",1,17,"Y","Y","Y","yes",""
"18",18,"wPM018",1,18,"Y","Y","Y","",""
"19",19,"wPM019",1,19,"Y","Y","Y","",""
"20",20,"wPM020",1,20,"Y","Y","Y","",""
"21",21,"wPM021",1,21,"Y","Y","Y","",""
"22",22,"wPM022",1,22,"Y","Y","Y","",""
"23",23,"wPM023",1,23,"Y","Y","Y","yes",""
"24",24,"wPM024",1,24,"Y","Y","Y","",""
"25",25,"wPM025",1,25,"Y","Y","Y","",""
"26",26,"wPM026",1,26,"Y","Y","Y","",""
"27",27,"wPM027",1,27,"Y","Y","Y","",""
"28",28,"wPM028",1,28,"","","","",""
"29",29,"wPM029",1,29,"Y","Y","Y","",""
"30",30,"wPM030",1,30,"Y","Y","Y","",""
"31",31,"wPM031",1,31,"Y","Y","Y","",""
"32",32,"wPM032",1,32,"Y","Y","Y","",""
"33",33,"wPM033",1,33,"Y","Y","Y","",""
"34",34,"wPM034",1,34,"Y","Y","Y","",""
"35",35,"wPM035",1,35,"Y","Y","Y","",""
"36",36,"wPM036",1,36,"Y","Y","Y","",""
"37",37,"wPM037",1,37,"Y","Y","Y","",""
"38",38,"wPM038",1,38,"Y","Y","Y","",""
"39",39,"wPM039",1,39,"Y","Y","Y","",""
"40",40,"wPM040",1,40,"Y","Y","Y","yes",""
"41",41,"wPM041",1,41,"Y","Y","Y","",""
"42",42,"wPM042",1,42,"Y","Y","Y","",""
"43",43,"wPM043",1,43,"Y","Y","Y","",""
"44",44,"wPM044",1,44,"Y","Y","Y","",""
"45",45,"wPM045",1,45,"Y","Y","Y","",""
"46",46,"wPM046",1,46,"Y","Y","Y","",""
"47",47,"wPM047",1,47,"Y","Y","Y","",""
"48",48,"wPM048",1,48,"Y","Y","Y","yes",""
"49",49,"wPM049",1,49,"Y","Y","Y","yes",""
"50",50,"wPM050",1,50,"Y","Y","Y","",""
"51",51,"wPM051",1,51,"Y","Y","Y","",""
"52",52,"wPM052",1,52,"Y","Y","Y","yes",""
"53",53,"wPM053",1,53,"Y","Y","Y","",""
"54",54,"wPM054",1,54,"Y","Y","Y","",""
"55",55,"wPM055",1,55,"Y","Y","Y","yes",""
"56",56,"wPM056",1,56,"Y","Y","Y","",""
"57",57,"wPM057",1,57,"Y","Y","Y","",""
"58",58,"wPM058",1,58,"Y","Y","Y","",""
"59",59,"wPM059",1,59,"Y","Y","Y","",""
"60",60,"wPM060",1,60,"Y","Y","Y","",""
"61",61,"wPM061",1,61,"Y","Y","Y","",""
"62",62,"wPM062",1,62,"Y","Y","Y","",""
"63",63,"wPM063",1,63,"Y","Y","Y","",""
"64",64,"wPM064",1,64,"","","Y","",""
"65",65,"wPM065",1,65,"Y","Y","Y","yes",""
"66",66,"wPM066",1,66,"Y","Y","Y","",""
"67",67,"wPM067",1,67,"Y","Y","Y","",""
"68",68,"wPM068",1,68,"Y","Y","Y","",""
"69",69,"wPM069",1,69,"Y","Y","Y","",""
"70",70,"wPM070",1,70,"Y","Y","Y","",""
"71",71,"wPM071",1,71,"Y","Y","Y","",""
"72",72,"wPM072",1,72,"Y","Y","Y","",""
"73",73,"wPM073",1,73,"Y","Y","Y","",""
"74",74,"wPM074",1,74,"Y","Y","Y","",""
"75",75,"wPM075",1,75,"Y","Y","Y","yes",""
"76",76,"wPM076",1,76,"Y","Y","Y","",""
"77",77,"wPM077",1,77,"Y","Y","Y","",""
"78",78,"wPM078",1,78,"Y","Y","Y","",""
"79",79,"wPM079",1,79,"Y","Y","","",""
"80",80,"wPM080",1,80,"Y","Y","Y","yes",""
"81",81,"wPM081",1,81,"Y","Y","Y","",""
"82",82,"wPM082",2,1,"Y","Y","Y","yes",""
"83",83,"wPM083",2,2,"Y","Y","Y","",""
"84",84,"wPM084",2,3,"Y","Y","Y","",""
"85",85,"wPM085",2,4,"Y","Y","Y","",""
"86",86,"wPM086",2,5,"Y","Y","Y","",""
"87",87,"wPM087",2,6,"Y","Y","Y","",""
"88",88,"wPM088",2,7,"Y","Y","Y","",""
"89",89,"wPM089",2,8,"Y","Y","Y","",""
"90",90,"wPM090",2,9,"Y","Y","Y","",""
"91",91,"wPM091",2,10,"Y","Y","Y","",""
"92",92,"wPM092",2,11,"Y","Y","Y","",""
"93",93,"wPM093",2,12,"Y","","","",""
"94",94,"wPM094",2,13,"Y","Y","Y","",""
"95",95,"wPM095",2,14,"Y","Y","Y","",""
"96",96,"wPM096",2,15,"Y","Y","Y","",""
"97",97,"wPM097",2,16,"Y","Y","Y","yes",""
"98",98,"wPM098",2,17,"Y","Y","Y","",""
"99",99,"wPM099",2,18,"Y","Y","Y","",""
"100",100,"wPM100",2,19,"Y","Y","Y","",""
"101",101,"wPM101",2,20,"Y","Y","Y","",""
"102",102,"wPM102",2,21,"Y","Y","Y","",""
"103",103,"wPM103",2,22,"Y","Y","Y","",""
"104",104,"wPM104",2,23,"Y","Y","Y","",""
"105",105,"wPM105",2,24,"Y","Y","Y","",""
"106",106,"wPM106",2,25,"Y","Y","Y","",""
"107",107,"wPM107",2,26,"Y","Y","Y","",""
"108",108,"wPM108",2,27,"Y","Y","Y","",""
"109",109,"wPM109",2,28,"","","Y","",""
"110",110,"wPM110",2,29,"Y","Y","Y","",""
"111",111,"wPM111",2,30,"Y","Y","Y","",""
"112",112,"wPM112",2,31,"Y","Y","","yes",""
"113",113,"wPM113",2,32,"Y","Y","Y","",""
"114",114,"wPM114",2,33,"Y","Y","Y","",""
"115",115,"wPM115",2,34,"Y","Y","Y","",""
"116",116,"wPM116",2,35,"Y","Y","Y","yes",""
"117",117,"wPM117",2,36,"","","Y","",""
"118",118,"wPM118",2,37,"Y","Y","Y","yes",""
"119",119,"wPM119",2,38,"Y","Y","Y","",""
"120",120,"wPM120",2,39,"Y","Y","Y","",""
"121",121,"wPM121",2,40,"Y","Y","Y","",""
"122",122,"wPM122",2,41,"Y","Y","Y","",""
"123",123,"wPM123",2,42,"Y","Y","Y","",""
"124",124,"wPM124",2,43,"Y","Y","Y","yes",""
"125",125,"wPM125",2,44,"Y","Y","Y","",""
"126",126,"wPM126",2,45,"Y","Y","Y","",""
"127",127,"wPM127",2,46,"Y","Y","Y","",""
"128",128,"wPM128",2,47,"Y","Y","","yes",""
"129",129,"wPM129",2,48,"Y","Y","Y","",""
"130",130,"wPM130",2,49,"Y","Y","Y","",""
"131",131,"wPM131",2,50,"Y","Y","Y","",""
"132",132,"wPM132",2,51,"Y","Y","Y","",""
"133",133,"wPM133",2,52,"Y","Y","Y","",""
"134",134,"wPM134",2,53,"Y","Y","Y","",""
"135",135,"wPM135",2,54,"Y","Y","Y","",""
"136",136,"wPM136",2,55,"Y","Y","Y","",""
"137",137,"wPM137",2,56,"Y","Y","Y","",""
"138",138,"wPM138",2,57,"Y","Y","Y","",""
"139",139,"wPM139",2,58,"Y","Y","Y","",""
"140",140,"wPM140",2,59,"Y","Y","Y","yes",""
"141",141,"wPM141",2,60,"Y","Y","Y","",""
"142",142,"wPM142",2,61,"Y","Y","Y","yes",""
"143",143,"wPM143",2,62,"Y","Y","Y","",""
"144",144,"wPM144",2,63,"Y","Y","Y","",""
"145",145,"wPM145",2,64,"Y","Y","Y","",""
"146",146,"wPM146",2,65,"Y","Y","Y","",""
"147",147,"wPM147",2,66,"Y","Y","Y","",""
"148",148,"wPM148",2,67,"Y","Y","Y","yes",""
"149",149,"wPM149",2,68,"Y","Y","Y","yes",""
"150",150,"wPM150",2,69,"Y","Y","Y","yes",""
"151",151,"wPM151",2,70,"Y","Y","Y","",""
"152",152,"wPM152",2,71,"Y","Y","Y","yes",""
"153",153,"wPM153",2,72,"Y","Y","Y","yes",""
"154",154,"wPM154",2,73,"Y","Y","Y","yes",""
"155",155,"wPM155",2,74,"Y","Y","Y","",""
"156",156,"wPM156",2,75,"Y","Y","Y","yes",""
"157",157,"wPM157",2,76,"Y","Y","Y","yes",""
"158",158,"wPM158",2,77,"Y","Y","Y","",""
"159",159,"wPM159",2,78,"Y","Y","Y","",""
"160",160,"wPM160",2,79,"Y","Y","Y","yes",""
"161",161,"wPM161",2,80,"Y","Y","Y","",""
"162",162,"wPM162",2,81,"Y","Y","Y","yes",""
"163",163,"wPM163",3,1,"Y","Y","Y","yes",""
"164",164,"wPM164",3,2,"Y","Y","Y","yes",""
"165",165,"wPM165",3,3,"Y","Y","Y","",""
"166",166,"wPM166",3,4,"Y","Y","Y","",""
"167",167,"wPM167",3,5,"Y","Y","Y","",""
"168",168,"wPM168",3,6,"Y","Y","Y","",""
"169",169,"wPM169",3,7,"Y","Y","Y","",""
"170",170,"wPM170",3,8,"Y","Y","Y","",""
"171",171,"wPM171",3,9,"Y","Y","Y","",""
"172",172,"wPM172",3,10,"Y","Y","Y","",""
"173",173,"wPM173",3,11,"Y","Y","Y","",""
"174",174,"wPM174",3,12,"Y","Y","Y","",""
"175",175,"wPM175",3,13,"Y","Y","Y","",""
"176",176,"wPM176",3,14,"Y","Y","Y","",""
"177",177,"wPM177",3,15,"Y","Y","Y","",""
"178",178,"wPM178",3,16,"Y","Y","Y","",""
"179",179,"wPM179",3,17,"Y","Y","Y","",""
"180",180,"wPM180",3,18,"Y","Y","Y","yes",""
"181",181,"wPM181",3,19,"Y","Y","Y","yes",""
"182",182,"wPM182",3,20,"Y","","Y","",""
"183",183,"wPM183",3,21,"Y","Y","Y","yes",""
"184",184,"wPM184",3,22,"Y","Y","Y","",""
"185",185,"wPM185",3,23,"Y","Y","Y","yes",""
"186",186,"wPM186",3,24,"Y","Y","Y","",""
"187",187,"wPM187",3,25,"Y","Y","Y","",""
"188",188,"wPM188",3,26,"Y","Y","Y","",""
"189",189,"wPM189",3,27,"Y","Y","Y","yes",""
"190",190,"wPM190",3,28,"Y","Y","Y","yes",""
"191",191,"wPM191",3,29,"Y","Y","Y","",""
"192",192,"wPM192",3,30,"Y","Y","Y","",""
"193",193,"wPM193",3,31,"Y","Y","Y","",""
"194",194,"wPM194",3,32,"Y","Y","Y","yes",""
"195",195,"wPM195",3,33,"Y","Y","Y","yes",""
"196",196,"wPM196",3,34,"Y","Y","Y","",""
"197",197,"wPM197",3,35,"Y","Y","Y","yes",""
"198",198,"wPM198",3,36,"Y","Y","Y","yes",""
"199",199,"wPM199",3,37,"Y","Y","Y","",""
"200",200,"wPM200",3,38,"Y","Y","Y","yes",""
"201",201,"wPM201",3,39,"Y","Y","Y","yes",""
"202",202,"wPM202",3,40,"Y","Y","Y","",""
"203",203,"wPM203",3,41,"Y","Y","Y","",""
"204",204,"wPM204",3,42,"Y","Y","Y","",""
"205",205,"wPM205",3,43,"Y","Y","Y","",""
"206",206,"wPM206",3,44,"Y","Y","Y","",""
"207",207,"wPM207",3,45,"Y","Y","Y","yes",""
"208",208,"wPM208",3,46,"Y","Y","Y","yes",""
"209",209,"wPM209",3,47,"Y","Y","Y","yes",""
"210",210,"wPM210",3,48,"Y","Y","Y","",""
"211",211,"wPM211",3,49,"Y","Y","Y","yes",""
"212",212,"wPM212",3,50,"Y","Y","Y","",""
"213",213,"wPM213",3,51,"Y","Y","Y","",""
"214",214,"wPM214",3,52,"Y","Y","Y","",""
"215",215,"wPM215",3,53,"Y","Y","Y","yes",""
"216",216,"wPM216",3,54,"Y","Y","Y","",""
"217",217,"wPM217",3,55,"Y","Y","Y","yes",""
"218",218,"wPM218",3,56,"Y","Y","Y","yes",""
"219",219,"wPM219",3,57,"Y","Y","Y","",""
"220",220,"wPM220",3,58,"Y","Y","Y","",""
"221",221,"wPM221",3,59,"Y","Y","Y","yes",""
"222",222,"wPM222",3,60,"Y","Y","Y","yes",""
"223",223,"wPM223",3,61,"Y","Y","Y","",""
"224",224,"wPM224",3,62,"Y","Y","Y","yes",""
"225",225,"wPM225",3,63,"Y","Y","Y","",""
"226",226,"wPM226",3,64,"Y","Y","Y","",""
"227",227,"wPM227",3,65,"Y","Y","Y","yes",""
"228",228,"wPM228",3,66,"Y","Y","Y","",""
"229",229,"wPM229",3,67,"Y","Y","Y","","yes"
"230",230,"wPM230",3,68,"Y","Y","Y","",""
"231",231,"wPM231",3,69,"Y","Y","Y","",""
"232",232,"wPM232",3,70,"Y","Y","Y","",""
"233",233,"wPM233",3,71,"Y","Y","Y","",""
"234",234,"wPM234",3,72,"Y","Y","Y","",""
"235",235,"wPM235",3,73,"Y","Y","Y","",""
"236",236,"wPM236",3,74,"Y","Y","Y","",""
"237",237,"wPM237",3,75,"Y","Y","Y","yes",""
"238",238,"wPM238",3,76,"Y","Y","Y","yes",""
"239",239,"wPM239",3,77,"Y","Y","Y","",""
"240",240,"wPM240",3,78,"Y","Y","Y","",""
"241",241,"wPM241",3,79,"Y","Y","Y","",""
"242",242,"wPM242",3,80,"Y","Y","Y","",""
"243",243,"wPM243",3,81,"Y","Y","Y","yes",""
"244",244,"wPM244",4,1,"Y","Y","Y","yes",""
"245",245,"wPM245",4,2,"Y","Y","Y","yes",""
"246",246,"wPM246",4,3,"Y","Y","Y","yes",""
"247",247,"wPM247",4,4,"Y","Y","Y","",""
"248",248,"wPM248",4,5,"Y","Y","Y","",""
"249",249,"wPM249",4,6,"Y","Y","Y","yes",""
"250",250,"wPM250",4,7,"Y","Y","Y","yes",""
"251",251,"wPM251",4,8,"Y","Y","Y","",""
"252",252,"wPM252",4,9,"Y","Y","Y","",""
"253",253,"wPM253",4,10,"Y","Y","Y","yes",""
"254",254,"wPM254",4,11,"Y","Y","Y","",""
"255",255,"wPM255",4,12,"Y","Y","Y","yes",""
"256",256,"wPM256",4,13,"Y","Y","Y","",""
"257",257,"wPM257",4,14,"Y","Y","Y","yes",""
"258",258,"wPM258",4,15,"Y","Y","Y","yes",""
"259",259,"wPM259",4,16,"Y","Y","Y","",""
"260",260,"wPM260",4,17,"Y","Y","Y","",""
"261",261,"wPM261",4,18,"Y","Y","Y","",""
"262",262,"wPM262",4,19,"Y","Y","Y","yes",""
"263",263,"wPM263",4,20,"Y","Y","Y","",""
"264",264,"wPM264",4,21,"Y","Y","Y","yes",""
"265",265,"wPM265",4,22,"Y","Y","Y","",""
"266",266,"wPM266",4,23,"Y","Y","Y","",""
"267",267,"wPM267",4,24,"Y","Y","Y","yes",""
"268",268,"wPM268",4,25,"Y","Y","Y","",""
"269",269,"wPM269",4,26,"Y","Y","Y","",""
"270",270,"wPM270",4,27,"Y","Y","Y","",""
"271",271,"wPM271",4,28,"Y","Y","Y","",""
"272",272,"wPM272",4,29,"Y","Y","Y","",""
"273",273,"wPM273",4,30,"Y","Y","Y","",""
"274",274,"wPM274",4,31,"Y","Y","Y","",""
"275",275,"wPM275",4,32,"Y","Y","Y","",""
"276",276,"wPM276",4,33,"Y","Y","Y","",""
"277",277,"wPM277",4,34,"Y","Y","Y","",""
"278",278,"wPM278",4,35,"Y","Y","Y","yes",""
"279",279,"wPM279",4,36,"Y","Y","Y","yes",""
"280",280,"wPM280",4,37,"Y","Y","Y","",""
"281",281,"wPM281",4,38,"Y","Y","Y","yes",""
"282",282,"wPM282",4,39,"Y","Y","Y","yes",""
"283",283,"wPM283",4,40,"Y","Y","Y","yes",""
"284",284,"wPM284",4,41,"Y","Y","Y","",""
"285",285,"wPM285",4,42,"Y","Y","Y","yes",""
"286",286,"wPM286",4,43,"Y","Y","Y","",""
"287",287,"wPM287",4,44,"Y","Y","Y","yes",""
"288",288,"wPM288",4,45,"Y","","Y","",""
"289",289,"wPM289",4,46,"Y","Y","Y","yes",""
"290",290,"wPM290",4,47,"Y","Y","Y","",""
"291",291,"wPM291",4,48,"Y","Y","Y","yes",""
"292",292,"wPM292",4,49,"Y","Y","Y","yes",""
"293",293,"wPM293",4,50,"Y","","Y","yes",""
"294",294,"wPM294",4,51,"Y","Y","Y","",""
"295",295,"wPM295",4,52,"Y","Y","Y","",""
"296",296,"wPM296",4,53,"Y","Y","Y","yes",""
"297",297,"wPM297",4,54,"Y","Y","Y","",""
"298",298,"wPM298",4,55,"Y","Y","Y","yes",""
"299",299,"wPM299",4,56,"Y","Y","Y","",""
"300",300,"wPM300",4,57,"Y","Y","Y","yes",""
"301",301,"wPM301",4,58,"Y","Y","Y","",""
"302",302,"wPM302",4,59,"Y","Y","Y","",""
"303",303,"wPM303",4,60,"Y","Y","Y","",""
"304",304,"wPM304",4,61,"Y","Y","Y","",""
"305",305,"wPM305",4,62,"Y","Y","Y","",""
"306",306,"wPM306",4,63,"Y","Y","Y","",""
"307",307,"wPM307",4,64,"Y","Y","","",""
"308",308,"wPM308",4,65,"Y","Y","Y","",""
"309",309,"wPM309",4,66,"Y","Y","Y","yes",""
"310",310,"wPM310",4,67,"Y","Y","Y","yes",""
"311",311,"wPM311",4,68,"Y","Y","Y","yes",""
"312",312,"wPM312",4,69,"Y","","Y","yes",""
"313",313,"wPM313",4,70,"Y","Y","Y","yes",""
"314",314,"wPM314",4,71,"Y","","Y","yes",""
"315",315,"wPM315",4,72,"Y","Y","Y","",""
"316",316,"wPM316",4,73,"Y","Y","Y","yes",""
"317",317,"wPM317",4,74,"Y","Y","Y","yes",""
"318",318,"wPM318",4,75,"Y","Y","Y","yes",""
"319",319,"wPM319",4,76,"Y","Y","Y","yes",""
"320",320,"wPM320",4,77,"Y","Y","Y","",""
"321",321,"wPM321",4,78,"Y","Y","Y","yes",""
"322",322,"wPM322",4,79,"Y","Y","Y","",""
"323",323,"wPM323",4,80,"Y","Y","Y","yes",""
"324",324,"wPM324",4,81,"Y","Y","Y","yes",""
"325",325,"wPM325",5,1,"Y","Y","Y","yes",""
"326",326,"wPM326",5,2,"Y","Y","Y","",""
"327",327,"wPM327",5,3,"Y","Y","Y","",""
"328",328,"wPM328",5,4,"Y","Y","Y","",""
"329",329,"wPM329",5,5,"Y","Y","Y","",""
"330",330,"wPM330",5,6,"Y","Y","Y","yes",""
"331",331,"wPM331",5,7,"Y","Y","Y","yes",""
"332",332,"wPM332",5,8,"Y","Y","Y","",""
"333",333,"wPM333",5,9,"Y","Y","Y","",""
"334",334,"wPM334",5,10,"Y","Y","Y","yes",""
"335",335,"wPM335",5,11,"Y","Y","Y","",""
"336",336,"wPM336",5,12,"Y","Y","Y","",""
"337",337,"wPM337",5,13,"Y","Y","Y","yes",""
"338",338,"wPM338",5,14,"Y","Y","Y","yes",""
"339",339,"wPM339",5,15,"Y","Y","Y","",""
"340",340,"wPM340",5,16,"Y","Y","Y","yes",""
"341",341,"wPM341",5,17,"Y","Y","Y","",""
"342",342,"wPM342",5,18,"Y","Y","Y","yes",""
"343",343,"wPM343",5,19,"Y","Y","Y","",""
"344",344,"wPM344",5,20,"Y","Y","Y","yes",""
"345",345,"wPM345",5,21,"Y","","Y","",""
"346",346,"wPM346",5,22,"Y","Y","Y","",""
"347",347,"wPM347",5,23,"Y","Y","Y","",""
"348",348,"wPM348",5,24,"","Y","Y","yes",""
"349",349,"wPM349",5,25,"Y","Y","Y","",""
"350",350,"wPM350",5,26,"Y","Y","Y","",""
"351",351,"wPM351",5,27,"Y","Y","Y","",""
"352",352,"wPM352",5,28,"Y","Y","Y","yes",""
"353",353,"wPM353",5,29,"Y","Y","Y","",""
"354",354,"wPM354",5,30,"Y","Y","Y","",""
"355",355,"wPM355",5,31,"","Y","Y","",""
"356",356,"wPM356",5,32,"Y","Y","Y","",""
"357",357,"wPM357",5,33,"Y","Y","Y","",""
"358",358,"wPM358",5,34,"Y","Y","Y","",""
"359",359,"wPM359",5,35,"Y","Y","Y","",""
"360",360,"wPM360",5,36,"Y","Y","Y","",""
"361",361,"wPM361",5,37,"Y","Y","Y","",""
"362",362,"wPM362",5,38,"Y","Y","Y","yes",""
"363",363,"wPM363",5,39,"Y","Y","Y","",""
"364",364,"wPM364",5,40,"Y","Y","","",""
"365",365,"wPM365",5,41,"Y","Y","Y","",""
"366",366,"wPM366",5,42,"Y","Y","Y","yes",""
"367",367,"wPM367",5,43,"Y","Y","Y","",""
"368",368,"wPM368",5,44,"Y","Y","Y","",""
"369",369,"wPM369",5,45,"Y","Y","Y","",""
"370",370,"wPM370",5,46,"Y","Y","Y","",""
"371",371,"wPM371",5,47,"Y","Y","Y","",""
"372",372,"wPM372",5,48,"","","Y","",""
"373",373,"wPM373",5,49,"Y","Y","Y","",""
"374",374,"wPM374",5,50,"Y","Y","Y","",""
"375",375,"wPM375",5,51,"Y","Y","Y","yes",""
"376",376,"wPM376",5,52,"Y","Y","Y","",""
"377",377,"wPM377",5,53,"Y","Y","Y","yes",""
"378",378,"wPM378",5,54,"Y","Y","Y","",""
"379",379,"wPM379",5,55,"Y","Y","Y","yes",""
"380",380,"wPM380",5,56,"Y","Y","Y","",""
"381",381,"wPM381",5,57,"Y","Y","Y","",""
"382",382,"wPM382",5,58,"Y","Y","Y","",""
"383",383,"wPM383",5,59,"Y","Y","Y","yes",""
"384",384,"wPM384",5,60,"Y","Y","Y","",""
"385",385,"wPM385",5,61,"Y","Y","Y","",""
"386",386,"wPM386",5,62,"Y","Y","Y","",""
"387",387,"wPM387",5,63,"Y","Y","Y","",""
"388",388,"wPM388",5,64,"Y","Y","Y","",""
"389",389,"wPM389",5,65,"Y","Y","Y","",""
"390",390,"wPM390",5,66,"Y","Y","Y","yes",""
"391",391,"wPM391",5,67,"Y","Y","","",""
"392",392,"wPM392",5,68,"Y","Y","Y","yes",""
"393",393,"wPM393",5,69,"Y","Y","Y","",""
"394",394,"wPM394",5,70,"Y","Y","Y","",""
"395",395,"wPM395",5,71,"Y","Y","Y","yes",""
"396",396,"wPM396",5,72,"Y","Y","Y","",""
"397",397,"wPM397",5,73,"Y","Y","Y","yes",""
"398",398,"wPM398",5,74,"Y","Y","Y","",""
"399",399,"wPM399",5,75,"Y","Y","Y","yes",""
"400",400,"wPM400",5,76,"Y","","Y","yes",""
"401",401,"wPM401",5,77,"Y","Y","Y","",""
"402",402,"wPM402",5,78,"Y","Y","Y","yes",""
"403",403,"wPM403",5,79,"Y","Y","Y","yes",""
"404",404,"wPM404",5,80,"Y","Y","Y","",""
"405",405,"wPM405",5,81,"Y","","Y","yes",""
"406",406,"wPM406",6,1,"Y","Y","Y","",""
"407",407,"wPM407",6,2,"Y","Y","Y","",""
"408",408,"wPM408",6,3,"Y","Y","Y","",""
"409",409,"wPM409",6,4,"Y","Y","Y","",""
"410",410,"wPM410",6,5,"Y","Y","Y","yes",""
"411",411,"wPM411",6,6,"Y","Y","Y","",""
"412",412,"wPM412",6,7,"Y","Y","Y","yes",""
"413",413,"wPM413",6,8,"Y","Y","Y","yes",""
"414",414,"wPM414",6,9,"Y","Y","Y","",""
"415",415,"wPM415",6,10,"Y","Y","Y","",""
"416",416,"wPM416",6,11,"Y","Y","Y","",""
"417",417,"wPM417",6,12,"Y","Y","Y","",""
"418",418,"wPM418",6,13,"Y","Y","Y","",""
"419",419,"wPM419",6,14,"Y","Y","Y","yes",""
"420",420,"wPM420",6,15,"Y","Y","Y","yes",""
"421",421,"wPM421",6,16,"Y","Y","Y","",""
"422",422,"wPM422",6,17,"","","Y","",""
"423",423,"wPM423",6,18,"Y","Y","Y","yes",""
"424",424,"wPM424",6,19,"Y","Y","Y","",""
"425",425,"wPM425",6,20,"Y","Y","Y","",""
"426",426,"wPM426",6,21,"Y","Y","Y","",""
"427",427,"wPM427",6,22,"Y","Y","Y","",""
"428",428,"wPM428",6,23,"Y","Y","Y","",""
"429",429,"wPM429",6,24,"Y","Y","Y","",""
"430",430,"wPM430",6,25,"Y","Y","Y","",""
"431",431,"wPM431",6,26,"Y","Y","Y","",""
"432",432,"wPM432",6,27,"Y","Y","Y","yes",""
"433",433,"wPM433",6,28,"Y","Y","Y","",""
"434",434,"wPM434",6,29,"Y","Y","Y","",""
"435",435,"wPM435",6,30,"Y","Y","Y","",""
"436",436,"wPM436",6,31,"Y","Y","Y","",""
"437",437,"wPM437",6,32,"Y","Y","Y","",""
"438",438,"wPM438",6,33,"Y","Y","Y","",""
"439",439,"wPM439",6,34,"Y","Y","Y","yes",""
"440",440,"wPM440",6,35,"Y","Y","Y","yes",""
"441",441,"wPM441",6,36,"Y","Y","","",""
"442",442,"wPM442",6,37,"Y","Y","Y","",""
"443",443,"wPM443",6,38,"Y","Y","Y","",""
"444",444,"wPM444",6,39,"Y","Y","Y","",""
"445",445,"wPM445",6,40,"","Y","Y","yes",""
"446",446,"wPM446",6,41,"Y","Y","Y","",""
"447",447,"wPM447",6,42,"Y","Y","Y","",""
"448",448,"wPM448",6,43,"Y","Y","Y","",""
"449",449,"wPM449",6,44,"Y","Y","Y","",""
"450",450,"wPM450",6,45,"","","Y","",""
"451",451,"wPM451",6,46,"Y","Y","Y","yes",""
"452",452,"wPM452",6,47,"Y","Y","Y","yes",""
"453",453,"wPM453",6,48,"Y","","Y","yes",""
"454",454,"wPM454",6,49,"","","Y","",""
"455",455,"wPM455",6,50,"Y","Y","Y","",""
"456",456,"wPM456",6,51,"Y","Y","Y","",""
"457",457,"wPM457",6,52,"Y","Y","Y","",""
"458",458,"wPM458",6,53,"Y","Y","Y","",""
"459",459,"wPM459",6,54,"Y","Y","Y","yes",""
"460",460,"wPM460",6,55,"Y","Y","Y","",""
"461",461,"wPM461",6,56,"Y","Y","Y","",""
"462",462,"wPM462",6,57,"Y","Y","Y","yes",""
"463",463,"wPM463",6,58,"Y","Y","Y","yes",""
"464",464,"wPM464",6,59,"Y","Y","Y","",""
"465",465,"wPM465",6,60,"Y","Y","Y","",""
"466",466,"wPM466",6,61,"Y","Y","Y","yes",""
"467",467,"wPM467",6,62,"Y","Y","Y","yes",""
"468",468,"wPM468",6,63,"Y","Y","Y","",""
"469",469,"wPM469",6,64,"Y","Y","","",""
"470",470,"wPM470",6,65,"Y","Y","Y","",""
"471",471,"wPM471",6,66,"Y","Y","","",""
"472",472,"wPM472",6,67,"Y","Y","Y","",""
"473",473,"wPM473",6,68,"","","Y","",""
"474",474,"wPM474",6,69,"Y","Y","Y","",""
"475",475,"wPM475",6,70,"Y","Y","Y","",""
"476",476,"wPM476",6,71,"Y","Y","Y","",""
"477",477,"wPM477",6,72,"Y","Y","Y","",""
"478",478,"wPM478",6,73,"Y","Y","Y","",""
"479",479,"wPM479",6,74,"Y","Y","Y","yes",""
"480",480,"wPM480",6,75,"Y","Y","Y","yes",""
"481",481,"wPM481",6,76,"Y","Y","Y","",""
"482",482,"wPM482",6,77,"Y","Y","Y","yes",""
"483",483,"wPM483",6,78,"Y","Y","Y","yes",""
"484",484,"wPM484",6,79,"Y","Y","Y","yes",""
"485",485,"wPM485",6,80,"Y","Y","Y","",""
"486",486,"wPM486",6,81,"Y","Y","Y","yes",""
"487",487,"wPM487",7,1,"Y","Y","Y","",""
"488",488,"wPM488",7,2,"Y","Y","Y","",""
"489",489,"wPM489",7,3,"Y","Y","Y","",""
"490",490,"wPM490",7,4,"Y","Y","Y","",""
"491",491,"wPM491",7,5,"Y","","Y","",""
"492",492,"wPM492",7,6,"Y","Y","","",""
"493",493,"wPM493",7,7,"Y","Y","Y","yes",""
"494",494,"wPM494",7,8,"Y","Y","Y","yes",""
"495",495,"wPM495",7,9,"Y","","Y","yes",""
"496",496,"wPM496",7,10,"Y","Y","Y","",""
"497",497,"wPM497",7,11,"Y","Y","Y","yes",""
"498",498,"wPM498",7,12,"Y","Y","Y","",""
"499",499,"wPM499",7,13,"Y","Y","Y","yes",""
"500",500,"wPM500",7,14,"Y","Y","Y","yes",""
"501",501,"wPM501",7,15,"","","Y","yes",""
"502",502,"wPM502",7,16,"Y","Y","Y","yes",""
"503",503,"wPM503",7,17,"Y","Y","Y","",""
"504",504,"wPM504",7,18,"Y","Y","Y","",""
"505",505,"wPM505",7,19,"Y","","Y","",""
"506",506,"wPM506",7,20,"Y","Y","Y","",""
"507",507,"wPM507",7,21,"Y","Y","Y","",""
"508",508,"wPM508",7,22,"Y","Y","Y","yes",""
"509",509,"wPM509",7,23,"Y","Y","Y","",""
"510",510,"wPM510",7,24,"Y","Y","Y","",""
"511",511,"wPM511",7,25,"Y","Y","Y","",""
"512",512,"wPM512",7,26,"Y","Y","Y","",""
"513",513,"wPM513",7,27,"y","y","y","",""
"514",514,"wPM514",7,28,"Y","Y","Y","",""
"515",515,"wPM515",7,29,"Y","Y","Y","",""
"516",516,"wPM516",7,30,"Y","Y","Y","",""
"517",517,"wPM517",7,31,"Y","Y","Y","",""
"518",518,"wPM518",7,32,"Y","Y","Y","",""
"519",519,"wPM519",7,33,"Y","Y","Y","",""
"520",520,"wPM520",7,34,"Y","Y","","yes",""
"521",521,"wPM521",7,35,"Y","Y","Y","",""
"522",522,"wPM522",7,36,"Y","Y","Y","",""
"523",523,"wPM523",7,37,"Y","Y","Y","",""
"524",524,"wPM524",7,38,"Y","Y","Y","",""
"525",525,"wPM525",7,39,"Y","Y","Y","",""
"526",526,"wPM526",7,40,"Y","Y","Y","",""
"527",527,"wPM527",7,41,"Y","Y","Y","",""
"528",528,"wPM528",7,42,"","","Y","",""
"529",529,"wPM529",7,43,"Y","Y","Y","",""
"530",530,"wPM530",7,44,"Y","Y","Y","yes",""
"531",531,"wPM531",7,45,"","","","",""
"532",532,"wPM532",7,46,"Y","Y","","",""
"533",533,"wPM533",7,47,"Y","Y","Y","",""
"534",534,"wPM534",7,48,"Y","Y","Y","",""
"535",535,"wPM535",7,49,"Y","Y","Y","",""
"536",536,"wPM536",7,50,"Y","Y","Y","",""
"537",537,"wPM537",7,51,"Y","Y","Y","",""
"538",538,"wPM538",7,52,"Y","Y","Y","",""
"539",539,"wPM539",7,53,"Y","Y","Y","",""
"540",540,"wPM540",7,54,"Y","Y","Y","",""
"541",541,"wPM541",7,55,"Y","Y","Y","",""
"542",542,"wPM542",7,56,"Y","Y","Y","",""
"543",543,"wPM543",7,57,"Y","Y","Y","",""
"544",544,"wPM544",7,58,"Y","Y","Y","",""
"545",545,"wPM545",7,59,"Y","Y","Y","",""
"546",546,"wPM546",7,60,"Y","Y","Y","",""
"547",547,"wPM547",7,61,"Y","Y","","",""
"548",548,"wPM548",7,62,"Y","Y","Y","",""
"549",549,"wPM549",7,63,"Y","Y","Y","",""
"550",550,"wPM550",7,64,"Y","Y","","",""
"551",551,"wPM551",7,65,"Y","Y","Y","",""
"552",552,"wPM552",7,66,"Y","Y","Y","",""
"553",553,"wPM553",7,67,"Y","Y","Y","",""
"554",554,"wPM554",7,68,"Y","Y","Y","",""
"555",555,"wPM555",7,69,"Y","Y","Y","",""
"556",556,"wPM556",7,70,"Y","Y","Y","",""
"557",557,"wPM557",7,71,"Y","Y","Y","",""
"558",558,"wPM558",7,72,"Y","Y","Y","",""
"559",559,"wPM559",7,73,"Y","Y","Y","",""
"560",560,"wPM560",7,74,"Y","Y","Y","",""
"561",561,"wPM561",7,75,"Y","Y","Y","",""
"562",562,"wPM562",7,76,"Y","Y","Y","",""
"563",563,"wPM563",7,77,"Y","Y","Y","",""
"564",564,"wPM564",7,78,"Y","Y","Y","",""
"565",565,"wPM565",7,79,"Y","Y","Y","",""
"566",566,"wPM566",7,80,"Y","Y","Y","",""
"567",567,"wPM567",7,81,"Y","Y","Y","",""
"568",568,"wPM568",8,1,"Y","Y","Y","",""
"569",569,"wPM569",8,2,"Y","Y","Y","",""
"570",570,"wPM570",8,3,"Y","Y","Y","",""
"571",571,"wPM571",8,4,"Y","Y","Y","",""
"572",572,"wPM572",8,5,"Y","Y","Y","",""
"573",573,"wPM573",8,6,"Y","Y","Y","",""
"574",574,"wPM574",8,7,"Y","Y","Y","",""
"575",575,"wPM575",8,8,"Y","Y","Y","",""
"576",576,"wPM576",8,9,"Y","Y","Y","",""
"577",577,"wPM577",8,10,"Y","Y","Y","",""
"578",578,"wPM578",8,11,"Y","Y","Y","",""
"579",579,"wPM579",8,12,"Y","Y","Y","",""
"580",580,"wPM580",8,13,"Y","Y","Y","",""
"581",581,"wPM581",8,14,"Y","Y","Y","",""
"582",582,"wPM582",8,15,"Y","Y","Y","",""
"583",583,"wPM583",8,16,"Y","Y","Y","",""
"584",584,"wPM584",8,17,"Y","Y","Y","",""
"585",585,"wPM585",8,18,"Y","Y","Y","",""
"586",586,"wPM586",8,19,"Y","Y","Y","",""
"587",587,"wPM587",8,20,"Y","Y","Y","",""
"588",588,"wPM588",8,21,"Y","Y","Y","",""
"589",589,"wPM589",8,22,"Y","Y","Y","",""
"590",590,"wPM590",8,23,"Y","Y","Y","",""
"591",591,"wPM591",8,24,"y","y","y","",""
"592",592,"wPM592",8,25,"Y","Y","Y","",""
"593",593,"wPM593",8,26,"Y","Y","Y","",""
"594",594,"wPM594",8,27,"Y","Y","Y","",""
"595",595,"wPM595",8,28,"","","","",""
"596",596,"wPM596",8,29,"y","y","y","",""
"597",597,"wPM597",8,30,"y","y","y","",""
"598",598,"wPM598",8,31,"y","y","y","",""
"599",599,"wPM599",8,32,"y","y","y","",""
"600",600,"wPM600",8,33,"y","y","y","",""
"601",601,"wPM601",8,34,"y","y","y","",""
"602",602,"wPM602",8,35,"","","","",""
"603",603,"wPM603",8,36,"y","y","y","",""
"604",604,"wPM604",8,37,"y","y","y","",""
"605",605,"wPM605",8,38,"","","","",""
"606",606,"wPM606",8,39,"","","","",""
"607",607,"wPM607",8,40,"","","","",""
"608",608,"wPM608",8,41,"","","","",""
"609",609,"wPM609",8,42,"","","","",""
"610",610,"wPM610",8,43,"","","","",""
"611",611,"wPM611",8,44,"","","","",""
"612",612,"wPM612",8,45,"","","","",""
"613",613,"wPM613",8,46,"y","y","y","",""
"614",614,"wPM614",8,47,"y","y","y","",""
"615",615,"wPM615",8,48,"","","","",""
"616",616,"wPM616",8,49,"","","","",""
"617",617,"wPM617",8,50,"","","","",""
"618",618,"wPM618",8,51,"y","y","y","",""
"619",619,"wPM619",8,52,"","","","","yes"
"620",620,"wPM620",8,53,"y","y","y","",""
"621",621,"wPM621",8,54,"y","y","y","",""
"622",622,"wPM622",8,55,"","","","","yes"
"623",623,"wPM623",8,56,"y","y","y","",""
"624",624,"wPM624",8,57,"","","","",""
"625",625,"wPM625",8,58,"y","y","y","",""
"626",626,"wPM626",8,59,"","","","","yes"
"627",627,"wPM627",8,60,"","","","","yes"
"628",628,"wPM628",8,61,"","","","","yes"
"629",629,"wPM629",8,62,"","","","","yes"
"630",630,"wPM630",8,63,"","","","","yes"
"631",631,"wPM631",8,64,"","","","",""
"632",632,"wPM632",8,65,"","","","",""
"633",633,"wPM633",8,66,"","","","",""
"634",634,"wPM634",8,67,"","","","",""
"635",635,"wPM635",8,68,"","","","",""
"636",636,"wPM636",8,69,"","","","",""
"637",637,"wPM637",8,70,"","","","",""
"638",638,"wPM638",8,71,"","","","",""
"639",639,"wPM639",8,72,"","","","",""
"640",640,"wPM640",8,73,"","","","",""
"641",641,"wPM641",8,74,"","","","",""
"642",642,"wPM642",8,75,"","","","",""
"643",643,"wPM643",8,76,"","","","",""
"644",644,"wPM644",8,77,"","","","",""
"645",645,"wPM645",8,78,"","","","",""
"646",646,"wPM646",8,79,"","","","",""
"647",647,"wPM647",8,80,"","","","",""
"648",648,"wPM648",8,81,"","","","",""
"649",649,"wPM649",9,1,"","","","",""
"650",650,"wPM650",9,2,"","","","",""
"651",651,"wPM651",9,3,"","","","",""
"652",652,"wPM652",9,4,"","","","",""
"653",653,"wPM653",9,5,"","","","",""
"654",654,"wPM654",9,6,"","","","",""
"655",655,"wPM655",9,7,"","","","",""
"656",656,"wPM656",9,8,"","","","",""
"657",657,"wPM657",9,9,"","","","",""
"658",658,"wPM658",9,10,"","","","",""
"659",659,"wPM659",9,11,"","","","",""
"660",660,"wPM660",9,12,"","","","",""
"661",661,"wPM661",9,13,"","","","",""
"662",662,"wPM662",9,14,"","","","",""
"663",663,"wPM663",9,15,"","","","",""
"664",664,"wPM664",9,16,"","","","",""
"665",665,"wPM665",9,17,"","","","",""
"666",666,"wPM666",9,18,"","","","",""
"667",667,"wPM667",9,19,"","","","",""
"668",668,"wPM668",9,20,"","","","",""
"669",669,"wPM669",9,21,"","","","",""
"670",670,"wPM670",9,22,"","","","",""
"671",671,"wPM671",9,23,"","","","",""
"672",672,"wPM672",9,24,"","","","",""
"673",673,"wPM673",9,25,"","","","",""
"674",674,"wPM674",9,26,"","","","",""
"675",675,"wPM675",9,27,"","","","",""
"676",676,"wPM676",9,28,"","","","",""
"677",677,"wPM677",9,29,"","","","",""
"678",678,"wPM678",9,30,"","","","",""
"679",679,"wPM679",9,31,"","","","",""
"680",680,"wPM680",9,32,"","","","",""
"681",681,"wPM681",9,33,"","","","",""
"682",682,"wPM682",9,34,"","","","",""
"683",683,"wPM683",9,35,"","","","",""
"684",684,"wPM684",9,36,"","","","",""
"685",685,"wPM685",9,37,"","","","",""
"686",686,"wPM686",9,38,"","","","",""
"687",687,"wPM687",9,39,"","","","",""
"688",688,"wPM688",9,40,"","","","",""
"689",689,"wPM689",9,41,"","","","",""
"690",690,"wPM690",9,42,"","","","",""
"691",691,"wPM691",9,43,"","","","",""
"692",692,"wPM692",9,44,"","","","",""
"693",693,"wPM693",9,45,"","","","",""
"694",694,"wPM694",9,46,"","","","",""
"695",695,"wPM695",9,47,"","","","",""
"696",696,"wPM696",9,48,"","","","",""
"697",697,"wPM697",9,49,"","","","",""
"698",698,"wPM698",9,50,"","","","",""
"699",699,"wPM699",9,51,"","","","",""
"700",700,"wPM700",9,52,"","","","",""
"701",701,"wPM701",9,53,"","","","",""
"702",702,"wPM702",9,54,"","","","",""
"703",703,"wPM703",9,55,"","","","",""
"704",704,"wPM704",9,56,"","","","",""
"705",705,"wPM705",9,57,"","","","",""
"706",706,"wPM706",9,58,"","","","",""
"707",707,"wPM707",9,59,"","","","",""
"708",708,"wPM708",9,60,"","","","",""
"709",709,"wPM709",9,61,"","","","",""
"710",710,"wPM710",9,62,"","","","",""
"711",711,"wPM711",9,63,"","","","",""
"712",712,"wPM712",9,64,"","","","",""
"713",713,"wPM713",9,65,"","","","",""
"714",714,"wPM714",9,66,"","","","",""
"715",715,"wPM715",9,67,"","","","",""
"716",716,"wPM716",9,68,"","","","",""
"717",717,"wPM717",9,69,"","","","",""
"718",718,"wPM718",9,70,"","","","",""
"719",719,"wPM719",9,71,"","","","",""
"720",720,"wPM720",9,72,"","","","",""
"721",721,"wPM721",9,73,"","","","",""
"722",722,"wPM722",9,74,"","","","",""
"723",723,"wPM723",9,75,"","","","",""
"724",724,"wPM724",9,76,"","","","",""
"725",725,"wPM725",9,77,"","","","",""
"726",726,"wPM726",9,78,"","","","",""
"727",727,"wPM727",9,79,"","","","",""
"728",728,"wPM728",9,80,"","","","",""
"729",729,"wPM729",9,81,"","","","",""
"730",730,"wPM730",10,1,"","","","",""
"731",731,"wPM731",10,2,"","","","",""
"732",732,"wPM732",10,3,"","","","",""
"733",733,"wPM733",10,4,"","","","",""
"734",734,"wPM734",10,5,"","","","",""
"735",735,"wPM735",10,6,"","","","",""
"736",736,"wPM736",10,7,"","","","",""
"737",737,"wPM737",10,8,"","","","",""
"738",738,"wPM738",10,9,"","","","",""
"739",739,"wPM739",10,10,"","","","",""
"740",740,"wPM740",10,11,"","","","",""
"741",741,"wPM741",10,12,"","","","",""
"742",742,"wPM742",10,13,"","","","",""
"743",743,"wPM743",10,14,"","","","",""
"744",744,"wPM744",10,15,"","","","",""
"745",745,"wPM745",10,16,"","","","",""
"746",746,"wPM746",10,17,"","","","",""
"747",747,"wPM747",10,18,"","","","",""
"748",748,"wPM748",10,19,"","","","",""
"749",749,"wPM749",10,20,"","","","",""
"750",750,"wPM750",10,21,"","","","",""
"751",751,"wPM751",10,22,"","","","",""
"752",752,"wPM752",10,23,"","","","",""
"753",753,"wPM753",10,24,"","","","",""
"754",754,"wPM754",10,25,"","","","",""
"755",755,"wPM755",10,26,"","","","",""
"756",756,"wPM756",10,27,"","","","",""
"757",757,"wPM757",10,28,"","","","",""
"758",758,"wPM758",10,29,"","","","",""
"759",759,"wPM759",10,30,"","","","",""
"760",760,"wPM760",10,31,"","","","",""
"761",761,"wPM761",10,32,"","","","",""
"762",762,"wPM762",10,33,"","","","",""
"763",763,"wPM763",10,34,"","","","",""
"764",764,"wPM764",10,35,"","","","",""
"765",765,"wPM765",10,36,"","","","",""
"766",766,"wPM766",10,37,"","","","",""
"767",767,"wPM767",10,38,"","","","",""
"768",768,"wPM768",10,39,"","","","",""
"769",769,"wPM769",10,40,"","","","",""
"770",770,"wPM770",10,41,"","","","",""
"771",771,"wPM771",10,42,"","","","",""
"772",772,"wPM772",10,43,"","","","",""
"773",773,"wPM773",10,44,"","","","",""
"774",774,"wPM774",10,45,"","","","",""
"775",775,"wPM775",10,46,"","","","",""
"776",776,"wPM776",10,47,"","","","",""
"777",777,"wPM777",10,48,"","","","",""
"778",778,"wPM778",10,49,"","","","",""
"779",779,"wPM779",10,50,"","","","",""
"780",780,"wPM780",10,51,"","","","",""
"781",781,"wPM781",10,52,"","","","",""
"782",782,"wPM782",10,53,"","","","",""
"783",783,"wPM783",10,54,"","","","",""
"784",784,"wPM784",10,55,"","","","",""
"785",785,"wPM785",10,56,"","","","",""
"786",786,"wPM786",10,57,"","","","",""
"787",787,"wPM787",10,58,"","","","",""
"788",788,"wPM788",10,59,"","","","",""
"789",789,"wPM789",10,60,"","","","",""
"790",790,"wPM790",10,61,"","","","",""
"791",791,"wPM791",10,62,"","","","",""
"792",792,"wPM792",10,63,"","","","",""
"793",793,"wPM793",10,64,"","","","",""
"794",794,"wPM794",10,65,"","","","",""
"795",795,"wPM795",10,66,"","","","",""
"796",796,"wPM796",10,67,"","","","",""
"797",797,"wPM797",10,68,"","","","",""
"798",798,"wPM798",10,69,"","","","",""
"799",799,"wPM799",10,70,"","","","",""
"800",800,"wPM800",10,71,"","","","",""
"801",801,"wPM801",10,72,"","","","",""
"802",802,"wPM802",10,73,"","","","",""
"803",803,"wPM803",10,74,"","","","",""
"804",804,"wPM804",10,75,"","","","",""
"805",805,"wPM805",10,76,"","","","",""
"806",806,"wPM806",10,77,"","","","",""
"807",807,"wPM807",10,78,"","","","",""
"808",808,"wPM808",10,79,"","","","",""
"809",809,"wPM809",10,80,"","","","",""
"810",810,"wPM810",10,81,"","","","",""
"811",811,"wPM811",11,1,"","","","",""
"812",812,"wPM812",11,2,"","","","",""
"813",813,"wPM813",11,3,"","","","",""
"814",814,"wPM814",11,4,"","","","",""
"815",815,"wPM815",11,5,"","","","",""
"816",816,"wPM816",11,6,"","","","",""
"817",817,"wPM817",11,7,"","","","",""
"818",818,"wPM818",11,8,"","","","",""
"819",819,"wPM819",11,9,"","","","",""
"820",820,"wPM820",11,10,"","","","",""
"821",821,"wPM821",11,11,"","","","",""
"822",822,"wPM822",11,12,"","","","",""
"823",823,"wPM823",11,13,"","","","",""
"824",824,"wPM824",11,14,"","","","",""
"825",825,"wPM825",11,15,"","","","",""
"826",826,"wPM826",11,16,"","","","",""
"827",827,"wPM827",11,17,"","","","",""
"828",828,"wPM828",11,18,"","","","",""
"829",829,"wPM829",11,19,"","","","",""
"830",830,"wPM830",11,20,"","","","",""
"831",831,"wPM831",11,21,"","","","",""
"832",832,"wPM832",11,22,"","","","",""
"833",833,"wPM833",11,23,"","","","",""
"834",834,"wPM834",11,24,"","","","",""
"835",835,"wPM835",11,25,"","","","",""
"836",836,"wPM836",11,26,"","","","",""
"837",837,"wPM837",11,27,"","","","",""
"838",838,"wPM838",11,28,"","","","",""
"839",839,"wPM839",11,29,"","","","",""
"840",840,"wPM840",11,30,"","","","",""
"841",841,"wPM841",11,31,"","","","",""
"842",842,"wPM842",11,32,"","","","",""
"843",843,"wPM843",11,33,"","","","",""
"844",844,"wPM844",11,34,"","","","",""
"845",845,"wPM845",11,35,"","","","",""
"846",846,"wPM846",11,36,"","","","",""
"847",847,"wPM847",11,37,"","","","",""
"848",848,"wPM848",11,38,"","","","",""
"849",849,"wPM849",11,39,"","","","",""
"850",850,"wPM850",11,40,"","","","",""
"851",851,"wPM851",11,41,"","","","",""
"852",852,"wPM852",11,42,"","","","",""
"853",853,"wPM853",11,43,"","","","",""
"854",854,"wPM854",11,44,"","","","",""
"855",855,"wPM855",11,45,"","","","",""
"856",856,"wPM856",11,46,"","","","",""
"857",857,"wPM857",11,47,"","","","",""
"858",858,"wPM858",11,48,"","","","",""
"859",859,"wPM859",11,49,"","","","",""
"860",860,"wPM860",11,50,"","","","",""
"861",861,"wPM861",11,51,"","","","",""
"862",862,"wPM862",11,52,"","","","",""
"863",863,"wPM863",11,53,"","","","",""
"864",864,"wPM864",11,54,"","","","",""
"865",865,"wPM865",11,55,"","","","",""
"866",866,"wPM866",11,56,"","","","",""
"867",867,"wPM867",11,57,"","","","",""
"868",868,"wPM868",11,58,"","","","",""
"869",869,"wPM869",11,59,"","","","",""
"870",870,"wPM870",11,60,"","","","",""
"871",871,"wPM871",11,61,"","","","",""
"872",872,"wPM872",11,62,"","","","",""
"873",873,"wPM873",11,63,"","","","",""
"874",874,"wPM874",11,64,"","","","",""
"875",875,"wPM875",11,65,"","","","",""
"876",876,"wPM876",11,66,"","","","",""
"877",877,"wPM877",11,67,"","","","",""
"878",878,"wPM878",11,68,"","","","",""
"879",879,"wPM879",11,69,"","","","",""
"880",880,"wPM880",11,70,"","","","",""
"881",881,"wPM881",11,71,"","","","",""
"882",882,"wPM882",11,72,"","","","",""
"883",883,"wPM883",11,73,"","","","",""
"884",884,"wPM884",11,74,"","","","",""
"885",885,"wPM885",11,75,"","","","",""
"886",886,"wPM886",11,76,"","","","",""
"887",887,"wPM887",11,77,"","","","",""
"888",888,"wPM888",11,78,"","","","",""
"889",889,"wPM889",11,79,"","","","",""
"890",890,"wPM890",11,80,"","","","",""
"891",891,"wPM891",11,81,"","","","",""
"892",892,"wPM892",12,1,"","","","",""
"893",893,"wPM893",12,2,"","","","",""
"894",894,"wPM894",12,3,"","","","",""
"895",895,"wPM895",12,4,"","","","",""
"896",896,"wPM896",12,5,"","","","",""
"897",897,"wPM897",12,6,"","","","",""
"898",898,"wPM898",12,7,"","","","",""
"899",899,"wPM899",12,8,"","","","",""
"900",900,"wPM900",12,9,"","","","",""
"901",901,"wPM901",12,10,"","","","",""
"902",902,"wPM902",12,11,"","","","",""
"903",903,"wPM903",12,12,"","","","",""
"904",904,"wPM904",12,13,"","","","",""
"905",905,"wPM905",12,14,"","","","",""
"906",906,"wPM906",12,15,"","","","",""
"907",907,"wPM907",12,16,"","","","",""
"908",908,"wPM908",12,17,"","","","",""
"909",909,"wPM909",12,18,"","","","",""
"910",910,"wPM910",12,19,"","","","",""
"911",911,"wPM911",12,20,"","","","",""
"912",912,"wPM912",12,21,"","","","",""
"913",913,"wPM913",12,22,"","","","",""
"914",914,"wPM914",12,23,"","","","",""
"915",915,"wPM915",12,24,"","","","",""
"916",916,"wPM916",12,25,"","","","",""
"917",917,"wPM917",12,26,"","","","",""
"918",918,"wPM918",12,27,"","","","",""
"919",919,"wPM919",12,28,"","","","",""
"920",920,"wPM920",12,29,"","","","",""
"921",921,"wPM921",12,30,"","","","",""
"922",922,"wPM922",12,31,"","","","",""
"923",923,"wPM923",12,32,"","","","",""
"924",924,"wPM924",12,33,"","","","",""
"925",925,"wPM925",12,34,"","","","",""
"926",926,"wPM926",12,35,"","","","",""
"927",927,"wPM927",12,36,"","","","",""
"928",928,"wPM928",12,37,"","","","",""
"929",929,"wPM929",12,38,"","","","",""
"930",930,"wPM930",12,39,"","","","",""
"931",931,"wPM931",12,40,"","","","",""
"932",932,"wPM932",12,41,"","","","",""
"933",933,"wPM933",12,42,"","","","",""
"934",934,"wPM934",12,43,"","","","",""
"935",935,"wPM935",12,44,"","","","",""
"936",936,"wPM936",12,45,"","","","",""
"937",937,"wPM937",12,46,"","","","",""
"938",938,"wPM938",12,47,"","","","",""
"939",939,"wPM939",12,48,"","","","",""
"940",940,"wPM940",12,49,"","","","",""
"941",941,"wPM941",12,50,"","","","",""
"942",942,"wPM942",12,51,"","","","",""
"943",943,"wPM943",12,52,"","","","",""
"944",944,"wPM944",12,53,"","","","",""
"945",945,"wPM945",12,54,"","","","",""
"946",946,"wPM946",12,55,"","","","",""
"947",947,"wPM947",12,56,"","","","",""
"948",948,"wPM948",12,57,"","","","",""
"949",949,"wPM949",12,58,"","","","",""
"950",950,"wPM950",12,59,"","","","",""
"951",951,"wPM951",12,60,"","","","",""
"952",952,"wPM952",12,61,"","","","",""
"953",953,"wPM953",12,62,"","","","",""
"954",954,"wPM954",12,63,"","","","",""
"955",955,"wPM955",12,64,"","","","",""
"956",956,"wPM956",12,65,"","","","",""
"957",957,"wPM957",12,66,"","","","",""
"958",958,"wPM958",12,67,"","","","",""
"959",959,"wPM959",12,68,"","","","",""
"960",960,"wPM960",12,69,"","","","",""
"961",961,"wPM961",12,70,"","","","",""
"962",962,"wPM962",12,71,"","","","",""
"963",963,"wPM963",12,72,"","","","",""
"964",964,"wPM964",12,73,"","","","",""
"965",965,"wPM965",12,74,"","","","",""
"966",966,"wPM966",12,75,"","","","",""
"967",967,"wPM967",12,76,"","","","",""
"968",968,"wPM968",12,77,"","","","",""
"969",969,"wPM969",12,78,"","","","",""
"970",970,"wPM970",12,79,"","","","",""
"971",971,"wPM971",12,80,"","","","",""
"972",972,"wPM972",12,81,"","","","",""
"973",973,"wPM973",13,1,"","","","",""
"974",974,"wPM974",13,2,"","","","",""
"975",975,"wPM975",13,3,"","","","",""
"976",976,"wPM976",13,4,"","","","",""
"977",977,"wPM977",13,5,"","","","",""
"978",978,"wPM978",13,6,"","","","",""
"979",979,"wPM979",13,7,"","","","",""
"980",980,"wPM980",13,8,"","","","",""
"981",981,"wPM981",13,9,"","","","",""
"982",982,"wPM982",13,10,"","","","",""
"983",983,"wPM983",13,11,"","","","",""
"984",984,"wPM984",13,12,"","","","",""
"985",985,"wPM985",13,13,"","","","",""
"986",986,"wPM986",13,14,"","","","",""
"987",987,"wPM987",13,15,"","","","",""
"988",988,"wPM988",13,16,"","","","",""
"989",989,"wPM989",13,17,"","","","",""
"990",990,"wPM990",13,18,"","","","",""
"991",991,"wPM991",13,19,"","","","",""
"992",992,"wPM992",13,20,"","","","",""
"993",993,"wPM993",13,21,"","","","",""
"994",994,"wPM994",13,22,"","","","",""
"995",995,"wPM995",13,23,"","","","",""
"996",996,"wPM996",13,24,"","","","",""
"997",997,"wPM997",13,25,"","","","",""
"998",998,"wPM998",13,26,"","","","",""
"999",999,"wPM999",13,27,"","","","",""
"1000",1000,"wPM1000",13,28,"","","","",""
"1001",1001,"wPM1001",13,29,"","","","",""
"1002",1002,"wPM1002",13,30,"","","","",""
"1003",1003,"wPM1003",13,31,"","","","",""
"1004",1004,"wPM1004",13,32,"","","","",""
"1005",1005,"wPM1005",13,33,"","","","",""
"1006",1006,"wPM1006",13,34,"","","","",""
"1007",1007,"wPM1007",13,35,"","","","",""
"1008",1008,"wPM1008",13,36,"","","","",""
"1009",1009,"wPM1009",13,37,"","","","",""
"1010",1010,"wPM1010",13,38,"","","","",""
"1011",1011,"wPM1011",13,39,"","","","",""
"1012",1012,"wPM1012",13,40,"","","","",""
"1013",1013,"wPM1013",13,41,"","","","",""
"1014",1014,"wPM1014",13,42,"","","","",""
"1015",1015,"wPM1015",13,43,"","","","",""
"1016",1016,"wPM1016",13,44,"","","","",""
"1017",1017,"wPM1017",13,45,"","","","",""
"1018",1018,"wPM1018",13,46,"","","","",""
"1019",1019,"wPM1019",13,47,"","","","",""
"1020",1020,"wPM1020",13,48,"","","","",""
"1021",1021,"wPM1021",13,49,"","","","",""
"1022",1022,"wPM1022",13,50,"","","","",""
"1023",1023,"wPM1023",13,51,"","","","",""
"1024",1024,"wPM1024",13,52,"","","","",""
"1025",1025,"wPM1025",13,53,"","","","",""
"1026",1026,"wPM1026",13,54,"","","","",""
"1027",1027,"wPM1027",13,55,"","","","",""
"1028",1028,"wPM1028",13,56,"","","","",""
"1029",1029,"wPM1029",13,57,"","","","",""
"1030",1030,"wPM1030",13,58,"","","","",""
"1031",1031,"wPM1031",13,59,"","","","",""
"1032",1032,"wPM1032",13,60,"","","","",""
"1033",1033,"wPM1033",13,61,"","","","",""
"1034",1034,"wPM1034",13,62,"","","","",""
"1035",1035,"wPM1035",13,63,"","","","",""
"1036",1036,"wPM1036",13,64,"","","","",""
"1037",1037,"wPM1037",13,65,"","","","",""
"1038",1038,"wPM1038",13,66,"","","","",""
"1039",1039,"wPM1039",13,67,"","","","",""
"1040",1040,"wPM1040",13,68,"","","","",""
"1041",1041,"wPM1041",13,69,"","","","",""
"1042",1042,"wPM1042",13,70,"","","","",""
"1043",1043,"wPM1043",13,71,"","","","",""
"1044",1044,"wPM1044",13,72,"","","","",""
"1045",1045,"wPM1045",13,73,"","","","",""
"1046",1046,"wPM1046",13,74,"","","","",""
"1047",1047,"wPM1047",13,75,"","","","",""
"1048",1048,"wPM1048",13,76,"","","","",""
"1049",1049,"wPM1049",13,77,"","","","",""
"1050",1050,"wPM1050",13,78,"","","","",""
"1051",1051,"wPM1051",13,79,"","","","",""
"1052",1052,"wPM1052",13,80,"","","","",""
"1053",1053,"wPM1053",13,81,"","","","",""
